id,name,host_id,host_profile_id,host_name,neighbourhood_group,neighbourhood,latitude,longitude,room_type,price,minimum_nights,number_of_reviews,last_review,reviews_per_month,calculated_host_listings_count,availability_365,number_of_reviews_ltm,license
2992450,Luxury 2 bedroom apartment,4621559,1462661762635155041,Kenneth,,THIRD WARD,42.65789,-73.7537,Entire home/apt,,28,9,2022-08-17,0.06,1,321,0,
3820211,Restored Precinct in Center Sq. w/Parking,19648678,1463087024016718788,Ming,,SIXTH WARD,42.65222,-73.76724,Entire home/apt,,1,317,2026-01-25,2.26,7,301,10,
5651579,Large studio apt  by Capital Center & ESP@,29288920,1465431505328745177,Gregg,,SECOND WARD,42.64615,-73.75966,Entire home/apt,,1,389,2026-02-06,2.96,2,35,20,
6015313,Comfortable 3BR Home w/ Central Air | Pine Hills,31223807,1465459398999270556,Ryan,,THIRTEENTH WARD,42.67198,-73.79339,Entire home/apt,,2,0,,,1,324,0,
6623339,Center Sq. Loft in Converted Precinct w/ Parking,19648678,1463087024016718788,Ming,,SIXTH WARD,42.65222,-73.76724,Entire home/apt,,1,332,2025-06-30,2.55,7,348,1,
9005989,"Studio in The heart of Center SQ, in Albany NY",17766924,1463028469002798404,Sugey,,SIXTH WARD,42.65559,-73.76506,Entire home/apt,,1,623,2025-08-03,5.37,1,16,13,
9501054,Spacious suite with full bath by Capital  Center,29288920,1465431505328745177,Gregg,,SECOND WARD,42.64734,-73.75851,Private room,,1,448,2026-01-25,3.67,2,252,38,
10768745,Alb hospital area studio bath wifi. (Red),5691268,1462687000374947891,Elizabeth,,FOURTEENTH WARD,42.66078,-73.80553,Private room,,1,871,2026-01-22,7.13,2,183,111,
11253948,/Fire Place Bungalow\ 1917 SUNY Eagle 6Beds 2Baths,4259750,1462534529294832741,Peter,,FIFTEENTH WARD,42.67567,-73.82438,Entire home/apt,,1,220,2026-02-11,1.86,8,362,43,
11639446,$55twin($30 foreign student)FreeBF Noa/c no smoke,61700428,1466759141736283314,Abdullah,,ELEVENTH WARD,42.67583,-73.78297,Private room,,15,231,2024-02-29,1.95,2,364,0,
12799126,Private Room in the Hearth of the Albany,69729286,1462790700336018491,Musab,,SIXTH WARD,42.65154,-73.76867,Private room,,5,29,2025-08-09,0.43,2,320,1,
13083497,Pristine Cape Cod on the Creek - 4 Large Bedrooms,1364123,1462517583121314645,Akhilesh,,FIFTEENTH WARD,42.66972,-73.82753,Entire home/apt,,2,196,2025-12-30,1.67,1,338,9,
14316232,"Unique Modern Room, Perfect Location Albany",36438637,1462672002391360660,Chad,,TENTH WARD,42.65726,-73.78219,Private room,,18,54,2025-05-08,0.47,2,321,2,
14989805,/Miller Colonial\ 1946 SUNY Eagle Hill 5Bed 2Baths,4259750,1462534529294832741,Peter,,FIFTEENTH WARD,42.673512,-73.819679,Entire home/apt,,1,134,2026-01-27,1.19,8,352,25,
15580397,Albany Medical/Downtown Albany/Colleges/ ROOM H,89705052,1467086595495050432,Share,,NINTH WARD,42.65651,-73.77887,Private room,,1,55,2025-11-20,0.52,2,106,8,
16531782,On a little park in Albany pine hills. (Blue),5691268,1462687000374947891,Elizabeth,,FOURTEENTH WARD,42.66075,-73.80605,Private room,,1,560,2026-01-28,8.04,2,350,79,
17238066,"$53($25 foreign student)Twin, noa/cno
Smoke freeBF",61700428,1466759141736283314,Abdullah,,FIFTH WARD,42.67614,-73.78169,Private room,,15,132,2024-08-01,1.23,2,364,0,
17514620,Cozy Modern Room Perfect Location Albany,36438637,1462672002391360660,Chad,,TENTH WARD,42.6584,-73.78309,Private room,,18,56,2024-11-02,0.52,2,259,0,
18341426,/Sauna Ranch 1961\ SUNY Eagle Hill 4Beds 1Bath,4259750,1462534529294832741,Peter,,FIFTEENTH WARD,42.67637,-73.82395,Entire home/apt,,2,58,2024-08-13,0.60,8,365,0,
19527043,Charming 1 Bedroom in a Historic Residential Home,15223767,1462957190806823558,Ed,,NINTH WARD,42.65312,-73.78161,Private room,,1,90,2025-11-07,1.01,3,195,8,
20519885,Perfect5Bedroom For BusinessTravelers 8YRSuperHost,67171774,1466830017061407026,Michael And Flerida,,FOURTEENTH WARD,42.65846,-73.80201,Entire home/apt,,4,127,2025-12-27,1.26,1,353,20,
20620135,/Red Warhol Ranch\ 1959 SUNY Eagle Hill 4beds1Bath,4259750,1462534529294832741,Peter,,FIFTEENTH WARD,42.675,-73.82382,Entire home/apt,,1,99,2025-12-30,0.98,8,365,28,
20633175,"Garden Apartment, on the Park, close to Capital.",65414985,1466808985903086145,James,,SEVENTH WARD,42.64939,-73.76865,Entire home/apt,,2,132,2025-10-20,1.37,2,345,1,
20671966,"The Metropolitan,3rd floor suite",98744672,1462867442279269365,Bela,,NINTH WARD,42.65532,-73.78244,Entire home/apt,,2,49,2026-01-05,0.48,8,200,3,
21052414,Cozy bedroom with (2) walk-in closets,135717458,1468352157974798933,Chad,,THIRTEENTH WARD,42.66565,-73.77975,Private room,,18,49,2026-01-09,0.53,3,321,5,
21392315,The Blair Suite,98744672,1462867442279269365,Bela,,NINTH WARD,42.65372,-73.78244,Entire home/apt,,2,139,2026-01-17,1.39,8,266,13,
21449583,/zBig Blue Ranch\ 1962 SUNY Eagle Hill 4Beds 2Bath,4259750,1462534529294832741,Peter,,FIFTEENTH WARD,42.67547,-73.82402,Entire home/apt,,4,9,2025-08-05,0.09,8,364,1,
21752534,"NEW LISTING! Modern, completely updated, LOCATION!",152762198,1468498032337807838,Allen,,TENTH WARD,42.66045,-73.77833,Entire home/apt,,3,186,2025-11-11,1.86,9,355,11,
21769213,Cozy downstairs bedroom in quiet neighborhood!,135717458,1468352157974798933,Chad,,ELEVENTH WARD,42.66572,-73.77834,Private room,,18,36,2026-01-30,0.36,3,238,5,
21769439,Cozy upstairs room with (1) walk-in closet,135717458,1468352157974798933,Chad,,ELEVENTH WARD,42.66703,-73.77842,Private room,,20,28,2026-01-02,0.28,3,274,2,
22398196,Elegant Guest Suite in our beautiful Victorian!,98744672,1462867442279269365,Bela,,NINTH WARD,42.65501,-73.78122,Private room,,2,134,2026-01-09,1.36,8,290,16,
24606880,The Western Suite,98744672,1462867442279269365,Bela,,NINTH WARD,42.65431,-73.78178,Private room,,2,56,2026-01-09,0.63,8,264,10,
25549565,Quiet and Pretty in the Heart of Center Square,9666970,1462820120726330552,Janet,,SIXTH WARD,42.65345,-73.7645,Entire home/apt,,1,972,2026-01-24,10.38,1,156,74,
26139592,Garden Apartment in Ctr. Square: Monthly Discounts,4340307,1529315156049517032,Farah,,SIXTH WARD,42.65403,-73.76325,Entire home/apt,,2,161,2026-02-13,1.76,1,353,30,
27670660,The Rock & Roll Suite,98744672,1462867442279269365,Bela,,NINTH WARD,42.6543083190918,-73.78177642822266,Private room,,2,36,2026-02-01,0.42,8,321,10,
27692601,Albany Cozy home with fireplaces and Sunroom,202580880,1469057011898808987,Rosanne,,EIGHTH WARD,42.64514,-73.80668,Entire home/apt,,3,16,2025-08-03,0.18,1,179,2,
28341274,Private room in historic building on the park,54394342,1462728737032142643,Alice,,SIXTH WARD,42.65821,-73.76917,Private room,,1,104,2025-10-19,1.16,1,340,14,
28400263,Private Room in Historic Residential Home,15223767,1462957190806823558,Ed,,NINTH WARD,42.65464,-73.78348,Private room,,1,276,2026-01-31,3.13,3,257,9,
28722270,✍Historic Loft Suite @ Downtown Albany,44434571,1462696988014217001,Earl Vanze,,SECOND WARD,42.64535,-73.75365,Entire home/apt,,1,735,2026-01-23,8.35,11,350,61,
28868857,⭐Cozy Garden Suite Full Amenities @Downtown Albany,44434571,1462696988014217001,Earl Vanze,,SECOND WARD,42.64535,-73.75365,Entire home/apt,,1,677,2026-01-22,7.75,11,358,76,
28929840,"Spacious
private suite and private bath",194113768,1469010890368278657,Rachel,,FOURTH WARD,42.6737,-73.75313,Private room,,1,8,2025-10-12,0.09,1,237,1,
29605579,Funky Urban Gem: Prime Central Location - Parking!,19648678,1463087024016718788,Ming,,SIXTH WARD,42.65235,-73.76714,Entire home/apt,,1,124,2026-01-21,1.40,7,360,27,
30189794,Seashore Suite At The Inn on South Lake,98744672,1462867442279269365,Bela,,NINTH WARD,42.6533,-73.78114,Private room,,2,74,2026-01-31,0.86,8,356,6,
31210362,Nest in Hazel,160340958,1468559633689024983,Jon,,FIFTEENTH WARD,42.67519,-73.82281,Private room,,2,33,2025-10-19,0.38,1,357,3,
32279028,"Cosy, comfy and quiet for one",172223381,1468671993638692507,Diana,,EIGHTH WARD,42.64936,-73.80278,Private room,,1,219,2025-09-28,2.58,2,0,11,
32450400,Moroccan Sands,97330032,1467172438450505870,Sherrell,,FOURTH WARD,42.6761,-73.73825,Private room,,3,1,2024-10-28,0.06,1,270,0,
32993402,✨Historic Full Amenities 2BR Apt @Downtown Albany,44434571,1462696988014217001,Earl Vanze,,SECOND WARD,42.64563,-73.75311,Entire home/apt,,1,469,2026-02-01,5.57,11,357,32,
33558235,"Historic, Spacious & Fun 2BR Apt @ Downtown Albany",44434571,1462696988014217001,Earl Vanze,,SECOND WARD,42.64585,-73.75297,Entire home/apt,,1,496,2026-02-01,5.97,11,351,55,
35793179,Cozy Bedroom in Historic Residential Home,15223767,1462957190806823558,Ed,,SEVENTH WARD,42.65259,-73.78223,Private room,,1,220,2026-01-16,2.74,3,218,30,
35914565,Perfect Downtown Base | 1BR + Free Parking,232967878,1468802372405829537,Diana,,SECOND WARD,42.64506,-73.75727,Entire home/apt,,2,327,2026-01-14,4.06,11,40,24,
36443605,Sophisticated Retreat: 2BR in heart of Albany,188679144,1468977843653292721,Elizabeth,,THIRTEENTH WARD,42.66619,-73.79031,Entire home/apt,,2,54,2024-08-14,0.67,11,365,0,
38321579,Comfy and quiet,172223381,1468671993638692507,Diana,,EIGHTH WARD,42.65085,-73.80239,Private room,,1,472,2026-02-11,6.02,2,241,78,
39093517,Center Square Comfy 2 Bedroom w/ Parking,299638115,1469539483862628822,Flerida,,SIXTH WARD,42.65507,-73.76138,Entire home/apt,,3,53,2026-01-30,0.70,4,364,12,
39698576,Spacious Designer 1-Bed Near Albany Med,188679144,1468977843653292721,Elizabeth,,NINTH WARD,42.65483,-73.78033,Entire home/apt,,5,24,2025-04-14,0.31,11,348,1,
39864828,Stunning Bungalo-style Loft in Downtown Albany,10313615,1462573636941866633,Matthew,,FOURTH WARD,42.66091,-73.74285,Entire home/apt,,1,241,2025-08-04,3.25,1,254,11,
40491172,"Renovated, private parking,location, washer dryer!",152762198,1468498032337807838,Allen,,THIRTEENTH WARD,42.66827,-73.79231,Entire home/apt,,3,140,2025-12-27,1.86,9,353,17,
40828178,Comfortable! One Bedroom A/C Apartment Queen Bed,47491906,1462706824969114136,Lloyd,,FOURTH WARD,42.67773,-73.73899,Entire home/apt,,1,174,2025-12-21,2.35,1,153,2,
42009788,Center Square Sanctuary: Private 2-Bedroom Gem,188679144,1468977843653292721,Elizabeth,,SIXTH WARD,42.65315,-73.76202,Entire home/apt,,7,25,2025-06-07,0.34,11,365,1,
42567833,Homey,339085327,1469660907478822967,Arkady,,NINTH WARD,42.65567,-73.7854,Entire home/apt,,70,0,,,1,365,0,
42763847,Charming dog friendly home with private yard!,649068,1462524902671573394,Anthony,,FIRST WARD,42.63876,-73.78535,Entire home/apt,,1,135,2025-11-02,1.91,1,223,28,
43208391,Cozy Historic 2BD Apt @ Downtown Albany,272907816,1469440311505165885,Angela,,SECOND WARD,42.64453,-73.75426,Entire home/apt,,1,127,2025-11-13,1.93,3,111,23,
43459803,Lux. 1 bdrm Apt in the heart of Center Square,299638115,1469539483862628822,Flerida,,SIXTH WARD,42.65556,-73.76205,Entire home/apt,,3,24,2025-12-11,0.39,4,364,7,
43736299,*The Blue House* Incredible 3 Bedroom Apartment,349460842,1469695254081708328,Scott,,TENTH WARD,42.66257,-73.78281,Entire home/apt,,1,131,2024-10-28,1.92,17,137,0,
44180048,Historic Queen Studio Across from Washington Park!,355777684,1463516757680974768,Lloyd,,SIXTH WARD,42.65935,-73.76805,Entire home/apt,,1,390,2026-01-01,5.74,3,307,26,
44265426,Parkside Queen 1 Bedroom (1800's) Brownstone!,355777684,1463516757680974768,Lloyd,,SIXTH WARD,42.66006,-73.76966,Entire home/apt,,1,314,2026-02-08,4.65,3,332,17,
44450012,Spacious upscale luxury apartment with huge yard,353498132,1463513883551164046,Michael,,EIGHTH WARD,42.64808,-73.7996,Entire home/apt,,13,27,2025-09-12,0.40,6,306,1,
45024912,Private Apt Queen 1 Bed Sanctuary with many Extras,362851072,1469728623456169392,Elsa,,FOURTEENTH WARD,42.66132,-73.7956,Entire home/apt,,1,129,2025-01-12,1.94,1,355,0,
45074220,Secluded Studio Loft 3fl@ Historic Downtown Albany,272907816,1469440311505165885,Angela,,SECOND WARD,42.64454,-73.75369,Entire home/apt,,1,51,2026-02-10,0.95,3,108,18,
45528939,UNIQUE Gem in HEART of Albany ★ Spiral Staircase,47625981,1462707263288165799,Linda,,SECOND WARD,42.64801,-73.75668,Entire home/apt,,1,100,2025-07-07,1.63,16,305,2,
45529316,WOW ★ Bright Apt ★ PRIME downtown Walk Everywhere,47625981,1462707263288165799,Linda,,SECOND WARD,42.64821,-73.75793,Entire home/apt,,1,131,2026-01-01,2.13,16,344,16,
45529447,★ 2 BEDROOM / 1 BATH TRENDY Apt ★ Downtown Albany,47625981,1462707263288165799,Linda,,SECOND WARD,42.64713,-73.75628,Entire home/apt,,1,151,2025-11-13,2.46,16,301,8,
46894493,Our Antique Bungalow,69789449,1466863849029352778,Dan,,NINTH WARD,42.65311,-73.78525,Entire home/apt,,1,275,2026-02-01,4.50,1,247,27,
47334913,"Newly renovated,Amazing Location,private parking",152762198,1468498032337807838,Allen,,THIRTEENTH WARD,42.66646,-73.79184,Entire home/apt,,3,115,2025-12-24,1.87,9,247,27,
47345872,Bright large 1 bdr loft in Center Sq -free parking,19648678,1463087024016718788,Ming,,SIXTH WARD,42.65345,-73.76663,Entire home/apt,,1,92,2026-02-01,1.50,7,334,33,
47408047,"Quiet cozy apartment, private laundry, great spot!",152762198,1468498032337807838,Allen,,FOURTEENTH WARD,42.67156,-73.80883,Entire home/apt,,3,80,2026-01-29,1.32,9,353,16,
47440071,The Loft Suite @ The Historic Jesse Buel House,382970529,1463574448322349045,Thomas,,THIRTEENTH WARD,42.6692,-73.79849,Private room,,1,211,2026-02-03,3.41,17,12,53,
47828453,Center Square Albany 2BR Apt w/Parking near all,299638115,1469539483862628822,Flerida,,THIRD WARD,42.656,-73.76123,Entire home/apt,,3,27,2026-01-17,0.44,4,353,7,
47943571,Downtown Albany 1 Bed + Workstation @ Maiden Lane,385664127,1469792751916945840,Dillon,,THIRD WARD,42.65118,-73.75274,Entire home/apt,,1,181,2026-01-25,2.97,2,238,22,
48052353,*The Rustic Home* 3 Bedroom Second Floor Apartment,349460842,1469695254081708328,Scott,,TENTH WARD,42.66261,-73.78332,Entire home/apt,,1,173,2025-10-03,2.84,17,78,14,
48124042,Downtown Albany 2 Bedroom + Workstation @ The Mark,385664127,1469792751916945840,Dillon,,THIRD WARD,42.64982,-73.7509,Entire home/apt,,1,245,2026-01-31,4.45,2,143,34,
48172884,The Down Under Suite,98744672,1462867442279269365,Bela,,NINTH WARD,42.65399,-73.78126,Private room,,2,88,2026-02-01,1.46,8,267,15,
48470454,"/ New Giant Victorian \ 7beds 6 baths + 2x 85"" TVs",4259750,1462534529294832741,Peter,,THIRTEENTH WARD,42.66526412963867,-73.78692626953125,Entire home/apt,,1,57,2026-01-11,1.31,8,342,15,
48599533,Capital View I,392074908,1463595615159577266,Jerry,,SIXTH WARD,42.65429,-73.75986,Entire home/apt,,2,107,2025-11-07,1.94,3,176,7,
50171851,Beautiful Center Square Garden-Level Unit,48490017,1465734650569140554,Todd,,SIXTH WARD,42.65157,-73.76546,Entire home/apt,,2,210,2026-02-04,3.83,1,146,31,
50207226,★ RARE 1BR Apt with Character GREAT Location! W/D★,47625981,1462707263288165799,Linda,,FOURTH WARD,42.65888,-73.74673,Entire home/apt,,1,97,2025-10-19,1.70,16,314,15,
50211226,"Studio in Heart of the City, Minus the Chaos",105597161,1467275899081917666,Katelyn,,ELEVENTH WARD,42.66034,-73.77163,Entire home/apt,,2,197,2026-02-08,3.92,1,357,18,
50354540,Heart of Center Square: Designer 2-Bed Retreat,188679144,1468977843653292721,Elizabeth,,SIXTH WARD,42.65333,-73.76402,Entire home/apt,,3,20,2025-10-05,0.35,11,230,6,
50890336,"★CHIC, Renovated Brownstone★ in PRIME DT Albany",47625981,1462707263288165799,Linda,,FOURTH WARD,42.65901,-73.74748,Entire home/apt,,1,47,2026-01-19,0.85,16,318,2,
51461480,🍃Chic & Cozy Near Washington Park Garden Suite,416799784,1469894945270970450,Rosie,,TENTH WARD,42.65969,-73.77564,Entire home/apt,,7,31,2025-11-14,0.59,1,135,5,
51503537,Walk to Everything Downtown Albany! Luxury Apt!,394420519,1469820042573996748,All Seasons Getaway,,THIRD WARD,42.65061,-73.75006,Entire home/apt,,4,10,2025-06-24,0.18,1,257,1,
51579900,★MODERN 1BR GREAT Location Downtown! W/D Parking!★,47625981,1462707263288165799,Linda,,FOURTH WARD,42.65856,-73.74866,Entire home/apt,,1,87,2025-11-28,1.58,16,314,13,
51592836,Lovely 1 Bedroom Unit In Historic Brownstone!,417954648,1466741239795455187,Laura&Dave,,THIRD WARD,42.65844,-73.74978,Entire home/apt,,2,97,2025-10-27,1.83,1,361,9,
52152157,"Modern space, everything you could want!",152762198,1468498032337807838,Allen,,FIRST WARD,42.63066,-73.77357,Entire home/apt,,3,88,2025-12-24,1.65,9,107,23,
52241973,Garden Apartment in Historic Center Square Home,35465673,1465524025417752024,Jason,,SIXTH WARD,42.65641,-73.76413,Entire home/apt,,1,375,2026-01-29,7.11,1,62,74,
52360097,Empire Plaza View II,392074908,1463595615159577266,Jerry,,SIXTH WARD,42.65386,-73.75958,Entire home/apt,,2,78,2025-10-12,1.46,3,360,2,
52611613,* Adorable home w/parking near great restaurants *,232967878,1468802372405829537,Diana,,NINTH WARD,42.65674,-73.79221,Entire home/apt,,2,150,2025-12-29,2.84,11,250,21,
52691284,+ Perfect place to make memories with loved ones +,232967878,1468802372405829537,Diana,,TENTH WARD,42.66236,-73.79245,Entire home/apt,,2,104,2026-01-01,1.97,11,236,20,
52836323,2 bed w/parking uptown near university & hospital,232967878,1468802372405829537,Diana,,THIRTEENTH WARD,42.67242,-73.79292,Entire home/apt,,2,88,2025-10-03,1.74,11,14,3,
52837196,★MODERN 1BR Apt w/ PRIVATE deck! W/D★,47625981,1462707263288165799,Linda,,FOURTH WARD,42.65812,-73.74837,Entire home/apt,,1,88,2025-10-20,1.68,16,317,16,
52863776,Washington Parkside 1 Bedroom In 1800s Brownstone!,355777684,1463516757680974768,Lloyd,,SIXTH WARD,42.65826,-73.76944,Entire home/apt,,1,258,2026-02-02,4.92,3,322,65,
53483727,Spacious Urban APT w/4BR & Office in Albany,433096110,1469960451015410512,Brian,,FOURTEENTH WARD,42.65824,-73.80114,Entire home/apt,,2,174,2026-01-18,3.47,3,246,21,
53567589,Private Garden Apt in Downtown Albany|Pets Allowed,433096110,1469960451015410512,Brian,,SIXTH WARD,42.65204,-73.76655,Entire home/apt,,1,297,2026-01-24,5.84,3,353,49,
53645427,★ BEAUTIFUL  2 BED 2 BATH  w/ SOAKER TUB + W/D★,47625981,1462707263288165799,Linda,,FOURTH WARD,42.65913,-73.74722,Entire home/apt,,1,138,2026-02-01,2.71,16,271,26,
53860077,/ Sauna Garden Getaway\ 1943 SUNY Eagle Hill,4259750,1462534529294832741,Peter,,FIFTEENTH WARD,42.674675,-73.822861,Entire home/apt,,1,53,2025-12-14,1.11,8,349,18,
54126420,Beautiful 1 bedroom in a quiet residential area.,37769478,1465565296852923022,Erion,,TENTH WARD,42.66261,-73.79026,Entire home/apt,,1,120,2026-01-24,2.68,15,363,22,
54126421,Beautiful 2 BDR Apartment in the heart of Albany,37769478,1465565296852923022,Erion,,SIXTH WARD,42.65422,-73.76996,Entire home/apt,,1,80,2025-11-02,1.69,15,321,14,
54126427,Beautiful 1 bedroom In the heart of Albany,37769478,1465565296852923022,Erion,,SIXTH WARD,42.65403,-73.77056,Entire home/apt,,1,183,2026-02-03,3.66,15,359,65,
54128829,Modern & Cozy Cntr Square Townhouse Gem from 1854,265709295,1469405354194816528,Priscela,,SIXTH WARD,42.65594,-73.76591,Entire home/apt,,1,275,2026-01-13,5.66,2,318,42,
54150131,Charming 170-Year-Old Home in the Heart of Albany,432936385,1463689402952759374,Jared,,SIXTH WARD,42.65143,-73.76497,Entire home/apt,,1,261,2026-02-01,5.48,1,15,61,
54369238,"Cozy townhouse, close to hospital, free parking!",152762198,1468498032337807838,Allen,,NINTH WARD,42.65578,-73.78641,Entire home/apt,,3,78,2025-12-29,1.89,9,253,32,
54369240,Lovely 1 bedroom rental close to Alb Med!,152762198,1468498032337807838,Allen,,TENTH WARD,42.65905,-73.77964,Entire home/apt,,3,64,2025-12-18,1.41,9,361,14,
559249822516788574,Cozy 1 bedroom with office and luxurious King size,433884293,1463691595726230778,Uniah,,NINTH WARD,42.66062,-73.79112,Entire home/apt,,5,2,2023-06-26,0.05,1,363,0,
588298411730694861,Modern one bedroom with free off street parking,353498132,1463513883551164046,Michael,,SECOND WARD,42.64441,-73.75647,Entire home/apt,,13,16,2025-11-20,0.36,6,349,3,
593272120497643087,Jesse's Suite @ The Historic Jesse Buel House,382970529,1463574448322349045,Thomas,,THIRTEENTH WARD,42.66911,-73.79869,Private room,,1,149,2026-02-02,3.38,17,10,31,
617242073954595468,Iconic City Center Apt in Downtown | Pets Allowed,433096110,1469960451015410512,Brian,,SIXTH WARD,42.65353,-73.7679,Entire home/apt,,1,225,2026-01-30,4.89,3,336,68,
619695112394148331,Modern luxury one bedroom with off street parking,353498132,1463513883551164046,Michael,,SECOND WARD,42.64489,-73.75731,Entire home/apt,,13,11,2025-12-22,0.25,6,358,1,
621960198566758900,The Historic Jesse Buel Farmhouse,382970529,1463574448322349045,Thomas,,FOURTEENTH WARD,42.66762,-73.79919,Entire home/apt,,1,18,2025-09-25,0.41,17,288,3,
628163387057233327,★SPACIOUS 1BR Apt w/ Character 10ft Ceilings W/D!★,47625981,1462707263288165799,Linda,,SECOND WARD,42.64528,-73.75861,Entire home/apt,,1,64,2025-10-12,1.42,16,302,11,
628824127129967353,Clean lines and accessible Convenient Location!,7164949,1462725085982507597,Jordan,,THIRD WARD,42.66169974831227,-73.76466827605744,Private room,,3,0,,,1,88,0,
638900897313146306,🪴 Historic & Homey 1 Bdrm Apt @ Downtown Albany,335923036,1469650748931621016,Mohammed,,SECOND WARD,42.645351,-73.753647,Entire home/apt,,1,10,2023-08-26,0.22,1,365,0,
649973892551492641,Modern luxury studio with free off street parking,353498132,1463513883551164046,Michael,,SECOND WARD,42.64625,-73.75663,Entire home/apt,,14,8,2024-11-26,0.19,6,58,0,
658638185191740358,CHEERFULL 3 BEDROOM HOME WITH FREE PARKING.,466389096,1470102386072068557,Patrice,,FIRST WARD,42.6374547,-73.7716647,Entire home/apt,,5,5,2023-09-22,0.11,2,301,0,
662132809952482192,Beautiful 4 bedroom house Large eat in kitchen,466389096,1470102386072068557,Patrice,,FIRST WARD,42.6378819,-73.7715269,Entire home/apt,,7,2,2024-08-12,0.05,2,259,0,
668608096674070882,The Rose Room @ The Historic Jesse Buel House,382970529,1463574448322349045,Thomas,,FOURTEENTH WARD,42.66758,-73.7992,Private room,,1,161,2026-02-05,3.68,17,11,35,
668608486588067880,The Silk and Sun Room @ Historic Jesse Buel House,382970529,1463574448322349045,Thomas,,FOURTEENTH WARD,42.66764,-73.79908,Private room,,1,138,2026-01-23,3.17,17,14,36,
689719338468663432,"Elegant, spacious studio apt in historic mansion",1717342,1462519919373256389,David,,SIXTH WARD,42.654057650371506,-73.76071299629517,Entire home/apt,,1,329,2026-02-11,7.73,2,326,92,
692807914756117019,Relax in Style by Washington Park - Free Parking,67337944,1466832051573526445,Rabia,,ELEVENTH WARD,42.6623,-73.777,Entire home/apt,,31,104,2025-02-23,2.72,1,45,1,
699073700185633508,Historic 2BR Ensuite Near Capitol & Mansion,476189412,1470146476912630337,Timothy,,SECOND WARD,42.6468502,-73.7587258,Entire home/apt,,1,9,2025-08-04,0.22,3,135,4,
703551649845095095,Cozy Albany Home,3650672,1462636138054181084,Zuhair,,THIRTEENTH WARD,42.67075,-73.79704,Entire home/apt,,1,6,2025-12-24,0.32,1,299,3,
704544922160063127,Cozy 1 Bedroom Apt in desirable Albany locale,58406953,1466699997445536392,Nicholas,,THIRTEENTH WARD,42.67485,-73.79867,Entire home/apt,,3,9,2026-01-28,0.22,1,169,7,
705660262559003663,Luxurious one bedroom with off-street parking,353498132,1463513883551164046,Michael,,SECOND WARD,42.64577,-73.7583,Entire home/apt,,13,10,2025-09-28,0.26,6,364,3,
717373135846408345,Charming Central Escape | 2BR + Parking,232967878,1468802372405829537,Diana,,THIRTEENTH WARD,42.67261,-73.79262,Entire home/apt,,2,72,2026-01-19,1.79,11,36,13,
733964865705013296,Historic 1 bed/ 1 bath,30219814,1470257337985356382,Andrew,,SIXTH WARD,42.65035,-73.76549,Entire home/apt,,14,1,2023-03-26,0.03,1,292,0,
735879623743921266,Modern & Homey 1BD/1BA Fl 1 Apt @ Downtown Albany,44434571,1462696988014217001,Earl Vanze,,THIRD WARD,42.64564,-73.75261,Entire home/apt,,1,105,2026-01-31,2.62,11,359,38,
739722503092755616,Adirondack Suite #1,98744672,1462867442279269365,Bela,,NINTH WARD,42.6543178,-73.7818222,Private room,,2,44,2026-01-30,1.09,8,352,9,
743600140734706394,Cozy apartment 2min walk to Albanymed office space,484673863,1463812301581155362,Michaela,,NINTH WARD,42.65569,-73.77685,Entire home/apt,,1,21,2025-08-10,0.55,3,315,9,
744430701454304507,"1 Bedroom on Lincoln Park, near Lark and Downtown",65414985,1466808985903086145,James,,SEVENTH WARD,42.6496,-73.76792,Entire home/apt,,2,43,2025-12-31,1.24,2,345,17,
751421033442627559,Modern- Cozy Center City 2 Bedroom Apartment Style,486073806,1470188084367942150,Keneisha,,FIFTH WARD,42.66648,-73.76831,Entire home/apt,,2,31,2025-08-04,0.85,1,362,5,
756752556396798800,Private Room in the Center of the Albany,69729286,1462790700336018491,Musab,,SIXTH WARD,42.65259,-73.76732,Private room,,20,21,2026-01-30,0.55,2,225,6,
757342235277207834,Elegant Studio in Center Square,188679144,1468977843653292721,Elizabeth,,SIXTH WARD,42.65534,-73.76461,Entire home/apt,,7,14,2025-03-31,0.36,11,365,1,
757978037279611051,Charming location near universities & hospital,232967878,1468802372405829537,Diana,,THIRTEENTH WARD,42.67261,-73.79262,Entire home/apt,,2,65,2026-01-29,1.79,11,43,20,
761141715827746314,"Great place in the heart of Albany, with Parking",37769478,1465565296852923022,Erion,,SIXTH WARD,42.65405,-73.76953,Entire home/apt,,1,46,2026-01-20,1.19,15,365,3,
764508866835218670,Rest+Restore Room • Short & Extended Stay •,6203319,1462700523222803714,Melissa,,TENTH WARD,42.66117,-73.79091,Private room,,1,40,2026-01-04,1.02,2,26,9,
774701102203414342,Entire cozy unit in Albany,261036923,1463326778054643322,Hasan,,FOURTEENTH WARD,42.6601,-73.80719,Entire home/apt,,5,74,2026-01-16,1.94,1,261,18,
784781397995494758,Private Entry to bedroom and bathroom,491907850,1470214969641115041,Donna,,FOURTEENTH WARD,42.66298,-73.81361,Private room,,1,57,2026-01-13,1.56,1,164,42,
786181179052991690,Center Square Gem: Junior 1 Bedroom,188679144,1468977843653292721,Elizabeth,,THIRD WARD,42.65653,-73.76223,Entire home/apt,,30,3,2024-01-27,0.10,11,365,0,
786228331433922432,Glamorous 1BR Retreat in Center Square,188679144,1468977843653292721,Elizabeth,,SIXTH WARD,42.65322,-73.76249,Entire home/apt,,30,5,2025-12-31,0.17,11,321,1,
786316043239579100,Elegant newly renovated cozy smart apartment,253824490,1463308175112754076,Tomar,,FIFTH WARD,42.6591503133547,-73.75431932508945,Entire home/apt,,2,38,2026-01-26,1.03,1,27,2,
787023821243442039,*The Allen House* Gorgeous Apartment - Sleeps 8,349460842,1469695254081708328,Scott,,FOURTEENTH WARD,42.6653,-73.7943,Entire home/apt,,1,137,2026-01-01,3.79,17,208,39,
794723189688979530,Newly Renovated| Washer&Dryer|5G Wifi,20144241,1462611969350918116,Vertesol,,FIFTH WARD,42.67283,-73.77367,Entire home/apt,,3,21,2025-12-30,0.63,1,50,8,
795541666227926706,Mads Mansion -Victorian Mansion on Washington Park,493882819,1470223390787852349,Terra,,NINTH WARD,42.656329,-73.7752048,Entire home/apt,,1,7,2025-08-17,0.23,6,275,2,
796231143904004713,Mads Mansion - Room 4,493882819,1470223390787852349,Terra,,NINTH WARD,42.65582,-73.77541,Private room,,1,12,2024-12-01,0.38,6,299,0,
797455132224782470,Albany Medical/colleges/Downtown Albany/ Room O,89705052,1467086595495050432,Share,,TENTH WARD,42.65741,-73.78034,Private room,,2,23,2025-11-11,0.62,2,105,9,
802216634798169031,Mads Mansion - Room 6,493882819,1470223390787852349,Terra,,SIXTH WARD,42.65751,-73.77409,Private room,,1,6,2024-10-13,0.19,6,300,0,
803604897479679272,3br/2ba Near Alb Med & St.Petes.,21886921,1463166332430839208,David,,FOURTEENTH WARD,42.66691,-73.79338,Entire home/apt,,14,5,2025-12-24,0.15,1,8,2,
803682039097862541,Modern and Cozy Pine Hills Home from Early 1900s,265709295,1469405354194816528,Priscela,,THIRTEENTH WARD,42.6702921,-73.7907283,Entire home/apt,,1,48,2026-01-30,2.07,2,290,39,
803814397190632412,Mads Mansion - Room 5,493882819,1470223390787852349,Terra,,NINTH WARD,42.656329,-73.775205,Private room,,1,6,2024-10-11,0.19,6,295,0,
803867986023966300,Mads Mansion - Room 1,493882819,1470223390787852349,Terra,,NINTH WARD,42.656329,-73.775205,Private room,,1,10,2025-08-27,0.32,6,299,1,
809524698302742033,Two bedroom apartment near hospitals pet friendly,172658781,1468675849054193840,Jessica,,NINTH WARD,42.65613971519499,-73.79212237894535,Entire home/apt,,30,2,2025-10-20,0.21,1,158,2,
813640070361665090,The front room w/ TV and king size bed,116935236,1462910582703398538,F S,,THIRTEENTH WARD,42.67144,-73.79033,Private room,,2,20,2025-09-05,0.65,5,349,7,
816085193659797849,Cozy Apartment across the Park,37769478,1465565296852923022,Erion,,SIXTH WARD,42.65258,-73.76917,Entire home/apt,,1,51,2025-11-13,1.39,15,365,18,
821566342267452838,COMFY Room/w Private BATH + TV,177073982,1463066913788605267,Cristian,,FOURTEENTH WARD,42.66109,-73.80479,Private room,,180,3,2023-11-30,0.08,2,229,0,
826301775871257033,2 br apt 2 min walk to albanymed offstreet parking,484673863,1463812301581155362,Michaela,,NINTH WARD,42.65613,-73.77469,Entire home/apt,,1,67,2026-01-20,1.84,3,356,44,
831122937768017113,Boho-Chic Cape Conveniently Located,210596861,1469098760288323827,Craig,,FIFTEENTH WARD,42.67076,-73.82612,Entire home/apt,,2,124,2026-01-25,3.47,1,322,34,
841524382518312215,Mellow Cove,462042479,1470081562273400334,Natasha,,SIXTH WARD,42.66008,-73.76977,Entire home/apt,,3,6,2024-07-09,0.20,2,365,0,
841524433909352403,Cozy Cove Away From Home,462042479,1470081562273400334,Natasha,,SIXTH WARD,42.65987,-73.77025,Entire home/apt,,3,12,2023-12-03,0.37,2,365,0,
843481456379840308,Center Square Serenity: 2-Bedroom Elegance,188679144,1468977843653292721,Elizabeth,,SIXTH WARD,42.65483,-73.76353,Entire home/apt,,14,2,2023-09-04,0.06,11,365,0,
845960193409947556,Modern Cottage-Perfect for Families!,268741708,1469420371084299171,Antoinette,,FIRST WARD,42.63504,-73.79833,Entire home/apt,,1,143,2026-02-10,4.05,1,171,46,
846586211673806912,Spacious Home Away from Home!,49372011,1465752744052885633,Philip,,TWELFTH WARD,42.67336,-73.78619,Entire home/apt,,2,19,2025-01-24,0.55,1,362,0,
849460179246794510,Your luxury home away from home,1761578,1462577741228520078,Grant,,SIXTH WARD,42.65432,-73.76531,Entire home/apt,,2,2,2025-02-17,0.08,2,164,1,
850173470105833039,Stunning Guest Suite in Historic 1874 Row House,120815848,1468228525761219525,Phat,,SECOND WARD,42.6446,-73.75885,Private room,,1,217,2026-02-07,6.22,1,327,59,
850653820133738660,"Plum room, private queen near Albany Med, UAlbany",20536619,1462613529423158163,Emily,,THIRTEENTH WARD,42.67177,-73.79464,Private room,,28,17,2025-10-11,0.55,13,89,3,
857981934159027424,Updated Historic Brownstone Apt.,60293220,1466741239795455187,David,,THIRD WARD,42.65817,-73.74935,Entire home/apt,,3,27,2025-10-13,0.81,1,357,8,
870292500281763717,A Charming  Quiet Unit in a Two-Family House,510191554,1470293942021613706,He,,FOURTEENTH WARD,42.66947,-73.81607,Entire home/apt,,1,48,2023-12-17,1.39,1,60,0,
870457209918967324,Quiet Room Near Everything,177073982,1463066913788605267,Cristian,,FOURTEENTH WARD,42.66128,-73.80548,Private room,,180,4,2024-03-02,0.14,2,320,0,
881231954286264195,Exposed Brick with Park Views,37769478,1465565296852923022,Erion,,SIXTH WARD,42.65379,-73.76901,Entire home/apt,,1,25,2025-11-13,0.73,15,360,8,
882229561343619620,Modern / Downtown Albany 1 BR APT,512736975,1470305963298869838,Miguelino,,TENTH WARD,42.6599733,-73.7747433,Entire home/apt,,2,76,2026-01-11,2.27,1,236,16,
887179061681202083,The Comfort,459472925,1470068859259063426,Gabriel,,THIRD WARD,42.6628771,-73.76534029999999,Private room,,1,30,2025-06-08,0.90,1,362,1,
888859204851381094,Walk to Downtown Albany: Ten Broeck Triangle Apt!,121680792,1468235421089255785,Evolve,,THIRD WARD,42.6573,-73.7521,Entire home/apt,,2,16,2025-05-17,0.48,5,352,3,
898743867240851780,"Airy 5Br-2Ba,Kids Rm, 6TVs,Pvt Fence-yard&Parking!",516414095,1470323148780791004,Rashawn,,TENTH WARD,42.66087,-73.78655,Entire home/apt,,2,64,2025-11-23,1.97,1,223,15,
902166216060824525,2 bdrm Modern & Hip Apt w/ Patio,47625981,1462707263288165799,Linda,,SEVENTH WARD,42.64787,-73.76707,Entire home/apt,,1,59,2026-01-25,1.82,16,304,11,
902326803627859755,"""The LEO Home"" Private Bedroom 4",349460842,1469695254081708328,Scott,,TENTH WARD,42.66174,-73.78325,Private room,,30,1,2026-01-02,0.67,17,307,1,
904392960639597224,/Luxury Modern Western Hideout\,4259750,1462534529294832741,Peter,,THIRTEENTH WARD,42.6652959,-73.7868778,Entire home/apt,,1,23,2025-12-14,0.70,8,270,5,
905007131419044966,*The Red House* 4 Bedrooms•Beautifully Renovated,349460842,1469695254081708328,Scott,,TENTH WARD,42.66217,-73.78299,Entire home/apt,,1,94,2026-01-30,2.97,17,246,35,
916983723755256572,Luxury apartment near Saint Peter / Albany Med,283643924,1469486022042258531,Joe,,FOURTEENTH WARD,42.65872,-73.79555,Entire home/apt,,1,6,2025-07-31,0.19,1,251,2,
917510613914219375,"R&R | Hospitals, Colleges + Politics",6203319,1462700523222803714,Melissa,,TENTH WARD,42.66261,-73.79158,Private room,,1,17,2025-08-03,0.53,2,89,7,
919055506310955442,Room for rent,502751555,1470260288284691464,Grace,,FIFTH WARD,42.67292,-73.7776,Private room,,1,0,,,1,365,0,
921076441920995839,Work hard! Play hard!,521669673,1470347340308191612,Kody,,THIRD WARD,42.6586,-73.75743,Entire home/apt,,7,3,2024-12-21,0.10,4,268,0,
928948908785846870,Newly Renovated Gem in Melrose - Pet Friendly,441054845,1469990977034908433,Thaddeus,,THIRTEENTH WARD,42.67066,-73.79571,Entire home/apt,,2,93,2026-02-14,2.99,2,208,33,
932642358896439621,Stylish top floor apt w/parking,232967878,1468802372405829537,Diana,,THIRTEENTH WARD,42.67224,-73.79301,Entire home/apt,,2,49,2025-10-21,1.57,11,45,13,
934035097653060273,Mads Mansion - Room 7,493882819,1470223390787852349,Terra,,SIXTH WARD,42.65655,-73.77434,Private room,,1,9,2025-08-23,0.29,6,305,1,
937837897631191844,Hudson 2 at The Argus Hotel,526358730,1470367137726823676,Argus,,SIXTH WARD,42.65867,-73.77479,Private room,,1,2,2023-12-31,0.07,7,97,0,
937917144482762419,Hudson 3 ADA at The Argus Hotel,526358730,1470367137726823676,Argus,,TENTH WARD,42.65908,-73.77456,Private room,,1,9,2025-08-02,0.29,7,73,2,
937927979762952955,Hudson 4 at The Argus Hotel,526358730,1470367137726823676,Argus,,TENTH WARD,42.66043,-73.77432,Private room,,1,3,2025-07-10,0.17,7,112,1,
937935210290408974,Hudson 5 at The Argus Hotel,526358730,1470367137726823676,Argus,,SIXTH WARD,42.65847,-73.77272,Private room,,1,6,2025-05-03,0.21,7,101,1,
937959604296602771,Whalen 2 Deluxe at The Argus Hotel,526358730,1470367137726823676,Argus,,TENTH WARD,42.66003,-73.7732,Private room,,1,1,2025-08-02,0.15,7,111,1,
938266199766701429,Knickerbocker 1 The Argus Hotel,526358730,1470367137726823676,Argus,,TENTH WARD,42.66037,-73.77327,Private room,,1,0,,,7,75,0,
938280419686165005,Historic Carriage House  in Washington Park,526358730,1470367137726823676,Argus,,TENTH WARD,42.66036,-73.7729,Entire home/apt,,1,18,2025-12-27,0.59,7,152,2,
938421117122010799,"The backroom with TV, Queen bed and extra futon",116935236,1462910582703398538,F S,,ELEVENTH WARD,42.6708367,-73.7853116,Private room,,2,27,2025-09-15,0.87,5,161,4,
938431811499141903,The little room with TV and twin bed,116935236,1462910582703398538,F S,,THIRTEENTH WARD,42.66974,-73.78611,Private room,,2,44,2026-01-19,1.41,5,362,16,
942750363293463100,The spacious room w/ tv dresser/desk,116935236,1462910582703398538,F S,,ELEVENTH WARD,42.67034,-73.7851,Private room,,2,20,2025-10-09,0.79,5,339,2,
950211425725610511,"Historic, Spacious Mansion Suite",1717342,1462519919373256389,David,,SIXTH WARD,42.6541815,-73.76086049999999,Entire home/apt,,1,231,2026-01-26,7.60,2,319,83,
950613505102507073,Modern and cozy home,529844022,1470381028518590517,Eraj,,FIRST WARD,42.6376753,-73.76854089999999,Entire home/apt,,1,14,2026-02-08,3.68,1,7,14,
958199983873241221,Oasis Garden Apt w/Queen Bed,172539578,1468674780519988222,David Yisrael,,FIFTEENTH WARD,42.678962799458816,-73.81724461913109,Entire home/apt,,4,20,2025-10-04,0.74,1,211,1,
963920695464462572,Comfy studio in heart of Albany,189586864,1468983213877861643,Justin,,SIXTH WARD,42.65241,-73.77002,Entire home/apt,,1,117,2026-02-05,3.89,1,358,35,
966287799980701967,"Modern 2-bed Apt / Hospitals, SUNY, State Office",374765317,1469762544714882673,Tanjin,,FIFTEENTH WARD,42.67059,-73.81678,Entire home/apt,,3,28,2025-12-17,0.96,1,180,7,
969886763377526954,Abba House historic Retreat - 1st Floor Queen Bed,382970529,1463574448322349045,Thomas,,FOURTEENTH WARD,42.66877,-73.79927,Private room,,1,161,2026-02-01,5.76,17,15,69,
980034348801186320,Chic Madison Parkview,241123402,1469281511815529913,JShing,,SIXTH WARD,42.65312775001394,-73.76950465142727,Entire home/apt,,1,37,2026-02-07,1.30,1,289,16,
983306819910081094,The House That Pat Built,114183978,1468177318288045326,Tyrell,,FIFTH WARD,42.66628,-73.76512,Entire home/apt,,2,7,2025-11-02,0.25,1,74,3,
989010058281318863,Modern 1BR in a great location,75667477,1466929387541484377,Ahmad,,THIRD WARD,42.65515515851637,-73.76052582647431,Entire home/apt,,30,10,2026-02-01,0.35,1,266,4,
990935487146379699,Garden level apartment | Center Sq-great location!,93905065,1467133198053733616,Grace,,SIXTH WARD,42.652599240074956,-73.761780139996,Entire home/apt,,1,37,2025-12-11,1.47,1,85,18,
992119832780871644,Two bedroom close to colleges!,152762198,1468498032337807838,Allen,,FOURTEENTH WARD,42.67098,-73.80695,Entire home/apt,,3,31,2026-02-02,1.08,9,261,16,
992554549672159765,Charming Albany Home w/ Cozy Living Room & Porch,476189412,1470146476912630337,Timothy,,SEVENTH WARD,42.64485687096462,-73.77281881169621,Entire home/apt,,5,21,2025-08-30,0.85,3,301,15,
999161887055542119,"Spacious Apartment Downtown Albany, NY",531209536,1470386116918435368,Amar,,THIRD WARD,42.65762,-73.75116,Entire home/apt,,1,49,2026-01-23,1.73,2,254,17,
1004978540001566331,Elegant Albany Retreat | Mins to D/T & UAlbany,31318080,1465460656968872710,Cindy,,EIGHTH WARD,42.6555,-73.81066,Entire home/apt,,2,84,2026-01-30,3.45,1,239,41,
1005978346817864540,Massive 4BD/3BA 2-Fl Townhouse Apt Downtown Albany,44434571,1462696988014217001,Earl Vanze,,SECOND WARD,42.64534889999999,-73.75364650000002,Entire home/apt,,1,93,2026-02-06,3.32,11,352,44,
1010759793485911351,Abba House Historic Retreat - 3rd Flr Twin Bed,382970529,1463574448322349045,Thomas,,THIRTEENTH WARD,42.67003,-73.79771,Private room,,1,73,2026-01-29,2.62,17,26,20,
1010759799610182054,Abba House Historic Retreat - Queen Bed w/ Single,382970529,1463574448322349045,Thomas,,THIRTEENTH WARD,42.66971,-73.79755,Private room,,1,110,2026-02-05,3.96,17,22,52,
1010760496997974537,ABBA House Retreat - King Bed w/ Large Office,382970529,1463574448322349045,Thomas,,FOURTEENTH WARD,42.66806608232022,-73.79824947027458,Private room,,1,12,2025-10-30,0.43,17,26,10,
1012862218478447339,ABBA House Retreat: Centrally Located Grand Manor,382970529,1463574448322349045,Thomas,,THIRTEENTH WARD,42.669899245465515,-73.7977031057611,Entire home/apt,,1,3,2026-01-25,1.36,17,342,3,
1013659440189111738,Abba House Historic Retreat - 2nd Floor Full Bed,382970529,1463574448322349045,Thomas,,FOURTEENTH WARD,42.66873,-73.7993,Private room,,1,52,2025-12-08,1.87,17,11,30,
1015385216942267174,纽约州首府的温馨小屋,182509542,1463079287487627691,Yan,,NINTH WARD,42.6558992,-73.7965699,Private room,,1,0,,,1,76,0,
1016050146219474145,Heart of Albany - Downtown Near Everything,42708277,1465634482472875867,Rodney,,SIXTH WARD,42.65539,-73.76416,Entire home/apt,,1,57,2026-01-10,2.05,7,59,24,
1018295677909928470,ABBA House Retreat- Queen Bed w/ Large Closet,382970529,1463574448322349045,Thomas,,FOURTEENTH WARD,42.66792031298625,-73.79895760671212,Private room,,1,47,2026-01-23,1.72,17,23,31,
1018299533220989494,Abba House Historic Retreat - 2nd Floor Queen Bed,382970529,1463574448322349045,Thomas,,THIRTEENTH WARD,42.66996,-73.79816,Private room,,1,107,2026-01-04,3.88,17,23,32,
1018972187574908115,1 Comfy Bedroom Across the Park,37769478,1465565296852923022,Erion,,SIXTH WARD,42.6535,-73.77046,Entire home/apt,,1,68,2025-12-05,2.49,15,345,14,
1020518500251473070,Downtown Studio,233515764,1469243869147543959,Etem,,SECOND WARD,42.64714,-73.75466,Entire home/apt,,1,187,2026-01-22,7.00,7,229,67,
1020993107237604444,*Beautiful* Spacious Prime DT 1 Bedroom Apt w GYM,47625981,1462707263288165799,Linda,,THIRD WARD,42.6586,-73.76421,Entire home/apt,,1,29,2025-10-26,1.07,16,316,11,
1021011347006185640,*Spacious* Modern 1 Bedroom RARE Apt w GYM,47625981,1462707263288165799,Linda,,THIRD WARD,42.65971,-73.76382,Entire home/apt,,1,33,2026-02-02,1.23,16,309,6,
1034722814589239236,"*Huge, bright, private 2Bedroom*",130404008,1468306677866187635,Michael,,THIRD WARD,42.65711,-73.75133,Entire home/apt,,14,2,2024-09-01,0.11,1,89,0,
1043565517982254841,2 bed room Apartment,212885959,1469112315837239647,Osas,,SECOND WARD,42.63976,-73.75705,Entire home/apt,,1,27,2026-01-10,1.10,1,180,9,
1052381112116173923,Fully Furnished 2BR- 5 min to Albany Med Downtown,52464523,1465849167933258661,Dashima,,FIRST WARD,42.64081,-73.77463,Entire home/apt,,30,9,2025-04-18,0.35,1,320,2,
1056469473906808728,"Bonjour, Bienvenue A Chez Pierre",553112010,1470471539964542907,Lynn,,TWELFTH WARD,42.7149,-73.87649,Private room,,2,1,2024-10-26,0.06,1,268,0,
1061814091773376272,Massive 5BD/4BA 3-Story Duplex @ Downtown Albany,44434571,1462696988014217001,Earl Vanze,,SECOND WARD,42.64418,-73.75316,Entire home/apt,,1,23,2026-02-08,0.95,11,347,7,
1062527013885315764,"Nighthawk room, private twin near AMC, UAlbany",20536619,1462613529423158163,Emily,,THIRTEENTH WARD,42.67096,-73.79514,Private room,,4,15,2025-12-02,0.60,13,82,4,
1090781013234004527,Newly renovated cozy apartment !,521669673,1470347340308191612,Kody,,THIRD WARD,42.65975,-73.76311,Entire home/apt,,14,1,2024-11-24,0.07,4,268,0,
1091500387329731524,Triplex oasis w:parking near MVP,232967878,1468802372405829537,Diana,,SECOND WARD,42.64409,-73.75709,Entire home/apt,,2,85,2026-01-13,3.55,11,39,32,
1097995825442731795,Walkable Studio: Restaurants & Fun Just Steps Away,232967878,1468802372405829537,Diana,,SIXTH WARD,42.65269,-73.76567,Entire home/apt,,2,64,2026-01-28,2.71,11,9,26,
1100876731732967826,"Homey, Quiet 2BR W/ Washer Dryer",152762198,1468498032337807838,Allen,,FOURTEENTH WARD,42.67008,-73.80691,Entire home/apt,,3,47,2026-02-12,2.10,9,246,21,
1102984130027939637,Lovely 1 bedroom across the Park,37769478,1465565296852923022,Erion,,SIXTH WARD,42.65289,-73.76834,Entire home/apt,,1,60,2025-11-25,2.54,15,361,18,
1104977057298366617,Abba House historic Retreat - 2nd Floor Queen,382970529,1463574448322349045,Thomas,,THIRTEENTH WARD,42.66943,-73.79882,Private room,,1,56,2025-10-21,2.36,17,26,9,
1105303461851883481,Downtown Brownstone with a View!,14817455,1462947568708012843,Matt,,THIRD WARD,42.65749,-73.75263,Entire home/apt,,2,0,,,1,265,0,
1111221935683053416,Historical Pastures,418250661,1463653071014668004,Stephanie,,THIRD WARD,42.6564469,-73.7507251,Entire home/apt,,2,24,2025-12-01,1.04,2,357,17,
1119691401020641385,Center Square Garden Apt + W/D | Walk to Capitol,472965048,1470133120701424590,Short & Comfy,,SIXTH WARD,42.65348,-73.7637,Entire home/apt,,1,27,2026-01-28,1.19,2,360,19,
1120212616553191970,Historic Garden Retreat in 1858 Row House + W/D,472965048,1470133120701424590,Short & Comfy,,SIXTH WARD,42.65194,-73.76526,Entire home/apt,,1,33,2025-09-15,1.44,2,360,10,
1121699903906738345,Cozy apartment in Albany,1761578,1462577741228520078,Grant,,SIXTH WARD,42.65314,-73.76546,Entire home/apt,,2,6,2025-02-18,0.27,2,259,1,
1123231471304541808,"Modern townhouse 2 Bedrooms, King Bed, parking",10279606,1462836303318100245,Nori,,FIFTEENTH WARD,42.66901,-73.82402,Entire home/apt,,2,82,2026-02-01,3.68,3,348,43,
1124558577325015506,Charming 1BR Near Capitol-Dwntwn,46312980,1465693635129179662,Robert,,SECOND WARD,42.646032,-73.760482,Entire home/apt,,3,6,2025-12-08,0.29,2,187,3,
1124632058968031818,Modern Duplex - Historical Home,46312980,1465693635129179662,Robert,,SECOND WARD,42.646032,-73.760482,Entire home/apt,,5,7,2025-11-12,0.31,2,260,3,
1128332989288304495,Downtown Albany Vacation Rental - Chic & Walkable!,121680792,1468235421089255785,Evolve,,THIRD WARD,42.65783832009679,-73.75382158545102,Entire home/apt,,2,3,2024-07-28,0.15,5,105,0,
1128386510439836615,Welcome home travelers,502037254,1470257337985356382,Andrew,,SEVENTH WARD,42.64893,-73.76886,Entire home/apt,,25,2,2024-08-03,0.10,2,225,0,
1131258472427093335,"Close to MVP/Airport/SUNY; 45m-1Hr: Saratoga, LG!",440509865,1469988841633864492,John,,FIFTEENTH WARD,42.674853495878494,-73.81692445092622,Entire home/apt,,1,97,2026-02-01,5.24,1,346,70,
1134940445251354534,Calling all travelers,521669673,1470347340308191612,Kody,,THIRD WARD,42.65909,-73.75691,Entire home/apt,,14,2,2025-05-15,0.09,4,268,1,
1136433500940918827,"""The LEO Home"" Private Bedroom 1",349460842,1469695254081708328,Scott,,THIRTEENTH WARD,42.66368,-73.78128,Private room,,20,0,,,17,345,0,
1142832011692120213,Booking May 2026! 1Br Apt-Parking-Patio-Guest Fav!,129023424,1468294562732566445,Riccardo,,THIRTEENTH WARD,42.67105,-73.7995,Entire home/apt,,7,9,2025-09-01,0.43,1,262,4,
1146241260871564965,Larson Green,233515764,1469243869147543959,Etem,,SIXTH WARD,42.6524924,-73.7674361,Entire home/apt,,1,98,2026-01-29,4.52,7,175,54,
1147092019793504034,Larson Blue,233515764,1469243869147543959,Etem,,SIXTH WARD,42.65274,-73.76779,Entire home/apt,,1,93,2025-12-29,4.27,7,112,39,
1150611568915810847,Albany historic Washington Park,576083630,1470573709838300867,Joseph,,SIXTH WARD,42.6586049,-73.76803290000001,Entire home/apt,,2,18,2026-01-05,0.84,1,267,9,
1158059552251999833,"""The Albany Allen Home"" Private Bedroom 1",349460842,1469695254081708328,Scott,,TENTH WARD,42.66428,-73.79249,Private room,,28,2,2024-11-29,0.11,17,257,0,
1158239701426064904,Funky loft studio,502037254,1470257337985356382,Andrew,,THIRD WARD,42.65845,-73.75926,Entire home/apt,,30,0,,,2,269,0,
1164651175585600815,*Private Entrance* Cozy Apt Bright + Modern W/D,47625981,1462707263288165799,Linda,,SEVENTH WARD,42.64727,-73.76758,Entire home/apt,,1,15,2025-10-12,0.76,16,323,5,
1171795874799450911,Walk to convention center:Lark St:Capital,232967878,1468802372405829537,Diana,,SIXTH WARD,42.65314,-73.7653,Entire home/apt,,2,72,2026-01-18,3.50,11,37,41,
1173390858101803102,New near major medical facility,232967878,1468802372405829537,Diana,,SEVENTH WARD,42.64442,-73.77938,Entire home/apt,,2,29,2025-12-29,1.51,11,42,14,
1174544643387116469,"Spacious, Modern Gem in Melrose - Pet Friendly",441054845,1469990977034908433,Thaddeus,,THIRTEENTH WARD,42.66894,-73.79549,Entire home/apt,,2,68,2026-02-09,3.34,2,256,22,
1182574461437954732,Limited Time Listing,42708277,1465634482472875867,Rodney,,SIXTH WARD,42.6534205,-73.7639758,Entire home/apt,,1,36,2026-01-28,1.79,7,54,17,
1183457852972127594,Upscale Listing-Heart of Albany,42708277,1465634482472875867,Rodney,,SIXTH WARD,42.65227,-73.7646,Entire home/apt,,1,40,2026-01-15,2.07,7,53,25,
1183460523409924571,Albany Business Class Apartment,42708277,1465634482472875867,Rodney,,SIXTH WARD,42.6524,-73.76351,Entire home/apt,,1,33,2025-10-26,1.65,7,51,26,
1185537980724624711,Empire Plaza Apartment,29483818,1465433984808331817,Ben,,SIXTH WARD,42.65327,-73.76181,Entire home/apt,,1,207,2026-02-12,10.44,1,105,127,
1185591493744586895,"""The Albany Allen Home"" Private Bedroom 3",349460842,1469695254081708328,Scott,,FOURTEENTH WARD,42.66612,-73.79275,Private room,,28,0,,,17,207,0,
1189245100874558445,Beautiful 2 Bedroom with Parking,37769478,1465565296852923022,Erion,,SIXTH WARD,42.65333,-73.7711,Entire home/apt,,1,37,2026-01-26,2.15,15,354,22,
1189249179392132534,Lovely 1 Bedroom with Parking,37769478,1465565296852923022,Erion,,TENTH WARD,42.66215,-73.79048,Entire home/apt,,1,50,2026-01-12,2.58,15,365,28,
1191895319439613036,"Room in Albany, 4 minutes from AMC",32379616,1465475491698528907,Fabiola,,TENTH WARD,42.6605291,-73.7831549,Private room,,28,0,,,5,350,0,
1196459023545165129,Albany Vacation Rental w/ State Capitol Views!,121680792,1468235421089255785,Evolve,,SIXTH WARD,42.655732,-73.764735,Entire home/apt,,5,0,,,5,355,0,
1198592120169206200,"""The LEO Home"" Private Bedroom 2",349460842,1469695254081708328,Scott,,TENTH WARD,42.66269,-73.78163,Private room,,27,0,,,17,323,0,
1201525324551556925,Traveling Medical Professionals,413566290,1469883571234603399,Victoria,,NINTH WARD,42.65506735928797,-73.79768460988998,Private room,,2,6,2025-12-18,0.31,3,5,1,
1208695175897245796,"""The Albany Allen Home"" Private Bedroom 5",349460842,1469695254081708328,Scott,,TENTH WARD,42.6639,-73.7927,Private room,,28,0,,,17,365,0,
1209313814437527365,"Dali room, private queen near AMC, UAlbany",20536619,1462613529423158163,Emily,,THIRTEENTH WARD,42.67318,-73.79345,Private room,,4,4,2025-08-01,0.24,13,88,2,
1223845635352908531,"493 Washington Ave, Albany 12206, 1st Floor",575030103,1470570582349208412,Rehan,,ELEVENTH WARD,42.66332540000001,-73.77422550000001,Entire home/apt,,3,16,2025-10-08,0.98,1,320,11,
1227494196390230149,/Audubon Apartment\ 3bed 1bath built1928 Pine Hill,52123673,1465829687105391120,Joseph,,THIRTEENTH WARD,42.66955,-73.78542,Entire home/apt,,3,14,2026-02-08,0.80,2,364,10,
1230257693323535013,King Bed • Workspace • Laundry | Walk to Downtown,106636448,1467292946251360148,Dan,,SIXTH WARD,42.65507161089614,-73.76475094677727,Entire home/apt,,1,76,2026-01-31,5.27,1,244,59,
1233366548908684664,Larson Gold,233515764,1469243869147543959,Etem,,SIXTH WARD,42.65173,-73.76786,Entire home/apt,,1,92,2026-01-30,5.26,7,240,59,
1234376912864523021,Spacious Garden Apt in Center Square,564967431,1470493488948741235,Stephanie,,SIXTH WARD,42.65046806904435,-73.7643479581064,Entire home/apt,,1,2,2024-10-28,0.12,3,350,0,
1237963668912797614,Tasteful…in more ways than one!,382970529,1463574448322349045,Thomas,,SIXTH WARD,42.655070571714035,-73.76151133328676,Entire home/apt,,1,37,2025-12-17,2.16,17,174,17,
1242227342075722524,Nice room in downtown albany,594734396,1470623721755290090,Abdelrahman,,SECOND WARD,42.6425,-73.75889,Private room,,1,40,2025-08-14,2.37,1,356,21,
1252203595666312568,"""The Albany Allen Home"" Private Bedroom 4",349460842,1469695254081708328,Scott,,TENTH WARD,42.665179051217486,-73.79260147965597,Private room,,28,1,2025-10-07,0.23,17,302,1,
1252255960109808438,The Old Lawmaker's Building.,172861174,1463057689271475240,Vee,,THIRD WARD,42.6551298,-73.75842949999999,Private room,,1,11,2025-08-24,0.67,1,360,8,
1252258297385952172,staycation CAP region,38324986,1465573387622962476,Gregory,,EIGHTH WARD,42.64548739100758,-73.7896032151887,Entire home/apt,,4,0,,,1,358,0,
1252301211909514289,"""The Albany Allen Home"" Private Bedroom 2",349460842,1469695254081708328,Scott,,TENTH WARD,42.66555578069533,-73.79269774597833,Private room,,28,1,2024-11-27,0.07,17,365,0,
1256391301639690602,Apartment with Park views.,37769478,1465565296852923022,Erion,,SIXTH WARD,42.65422976833157,-73.76982577313373,Entire home/apt,,1,19,2025-10-31,1.14,15,365,11,
1256498995571429533,"""The LEO Home"" Private Bedroom 3",349460842,1469695254081708328,Scott,,TENTH WARD,42.66226,-73.78221,Private room,,30,0,,,17,180,0,
1264531987910224088,"*Serene* Parkside 2BR Apt: Private Entrance, W/D",47625981,1462707263288165799,Linda,,SEVENTH WARD,42.64762856666501,-73.76751684061892,Entire home/apt,,1,42,2026-01-01,2.57,16,312,29,
1265342374507338537,Stylish studio - downtown Albany,564967431,1470493488948741235,Stephanie,,SIXTH WARD,42.65004675077063,-73.76402178164355,Entire home/apt,,1,6,2025-03-01,0.38,3,290,2,
1266676779473584420,Row house on the park,1017349,1462535916076052135,Chris,,SIXTH WARD,42.65319027333566,-73.76970599961155,Private room,,1,1,2024-10-26,0.06,1,83,0,
1268205616603776750,Central Location 1 Bed 1 Bath With Parking,270608641,1469429290124332461,Aleks,,SIXTH WARD,42.65137969505171,-73.76947069212083,Entire home/apt,,1,41,2026-02-08,2.61,2,354,35,
1269145433396830936,King Bed in Spacious Aparment Close to Everything,382970529,1463574448322349045,Thomas,,THIRTEENTH WARD,42.66916459999999,-73.79776079999999,Private room,,1,6,2025-11-30,0.38,17,0,4,
1274613024891750632,Two bedroom apartment in the heart of Albany,32379616,1465475491698528907,Fabiola,,THIRD WARD,42.66487530937626,-73.76730339028755,Entire home/apt,,28,0,,,5,364,0,
1279781671588026640,Spacious & Quiet Townhouse Near Legislative Center,528617680,1470376282510767044,Paola,,SECOND WARD,42.6453112779392,-73.75793399720892,Private room,,1,6,2025-02-19,0.38,1,226,1,
1284983740417509877,Cowen Residence Hospitality.,661066080,1470659732234285605,Conseta,,FOURTH WARD,42.67445142837617,-73.73835701264711,Entire home/apt,,1,5,2025-10-11,0.38,1,178,4,
1289084606313003203,"1 bedroom apt close to hospitals,3min to Albanymed",484673863,1463812301581155362,Michaela,,TENTH WARD,42.65701240741075,-73.78116252001512,Entire home/apt,,1,33,2025-11-14,2.18,3,362,16,
1291321613053647042,The Belvedere,571617730,1463885095409396267,Zinte,,SECOND WARD,42.6445746,-73.7566836,Entire home/apt,,1,1,2025-06-22,0.13,1,361,1,
1292881870228693830,‘The Blue Home’ Private Bedroom 3 / 1 Full Bath,349460842,1469695254081708328,Scott,,TENTH WARD,42.66229705990609,-73.78175574496683,Private room,,30,0,,,17,116,0,
1294330125585979004,Modern Luxury 2 bedroom w/yard,353498132,1463513883551164046,Michael,,EIGHTH WARD,42.64592834063253,-73.79876141165387,Entire home/apt,,13,0,,,6,260,0,
1295804289767410494,'The Blue Home' Private Bedroom 1 / 1 Full Bath,349460842,1469695254081708328,Scott,,THIRTEENTH WARD,42.66345629680885,-73.7818281544101,Private room,,30,1,2025-09-17,0.20,17,364,1,
1296651761769034648,Room in Albany,663670719,1470665576048474999,Elhadj,,THIRTEENTH WARD,42.664345438141105,-73.77874573138119,Private room,,1,11,2025-10-01,0.85,3,166,7,
1296756366433115082,"Room In Albany, NY",663670719,1470665576048474999,Elhadj,,ELEVENTH WARD,42.66294970341223,-73.7789027115689,Private room,,1,103,2026-02-06,6.99,3,333,83,
1298067362380112500,Fresh & Modernized 2BR Fl 1 Apt @ Downtown Albany,44434571,1462696988014217001,Earl Vanze,,SECOND WARD,42.64441207268658,-73.7522667363394,Entire home/apt,,1,46,2025-12-04,3.36,11,362,42,
1308084493028885153,‘The Blue Home’ Private Bedroom 2 / 1 Full Bath,349460842,1469695254081708328,Scott,,TENTH WARD,42.66299894556866,-73.7825558531992,Private room,,28,1,2025-08-13,0.16,17,365,1,
1308111521841678866,‘The Blue Home’ Private Bedroom 4 / 1 Full Bath,349460842,1469695254081708328,Scott,,TENTH WARD,42.66239946679698,-73.78271260107455,Private room,,30,0,,,17,289,0,
1310170283925918533,Private Room In Albany,663670719,1470665576048474999,Elhadj,,ELEVENTH WARD,42.66375890730826,-73.77674406705056,Private room,,1,62,2026-01-31,4.42,3,309,52,
1319619558594743733,Prime Location - 1 Bedroom,559146397,1470499883524653583,Cathleen,,SIXTH WARD,42.65331,-73.76971,Entire home/apt,,31,0,,,2,197,0,
1319649416178819713,The Sweet spot,252422913,1469337246188155039,Dennis,,FIFTEENTH WARD,42.67077854215789,-73.82525054567722,Entire home/apt,,2,5,2026-02-11,0.49,1,140,5,
1328247359330291677,The Whisky House,666182267,1463919623064717382,Tyler,,SIXTH WARD,42.65015,-73.76337,Entire home/apt,,2,42,2026-02-09,3.36,1,237,41,
1328401906195927790,Top of The Capital,392074908,1463595615159577266,Jerry,,SIXTH WARD,42.65262,-73.76134,Entire home/apt,,2,5,2025-07-31,0.42,3,338,5,
1329355205441244604,Albany Prime Location - 1 Bed,559146397,1470499883524653583,Cathleen,,SIXTH WARD,42.65344807383542,-73.76942854374647,Entire home/apt,,31,0,,,2,365,0,
1334238579190312184,Charming & Roomy 3BR/1BA Fl 2 Apt @Downtown Albany,44434571,1462696988014217001,Earl Vanze,,SECOND WARD,42.6440750005831,-73.75452790055822,Entire home/apt,,1,40,2026-01-25,3.72,11,125,40,
1344295935213350424,Business Travelers Retreat,42708277,1465634482472875867,Rodney,,FOURTH WARD,42.675383658286634,-73.75011739653225,Entire home/apt,,1,12,2025-11-08,1.34,7,21,12,
1344899700380628431,Capital City Executive Suites,42708277,1465634482472875867,Rodney,,FOURTH WARD,42.67796681605566,-73.74887793631504,Entire home/apt,,1,0,,,7,17,0,
1346801758960246004,"Stylishly, cozy and efficient 1BR Center Sq. Gem!",299638115,1469539483862628822,Flerida,,SIXTH WARD,42.6556643,-73.7618859,Entire home/apt,,3,10,2026-02-08,1.29,4,365,10,
1350831900774924999,Cozy Home in Heart of Albany,677372979,1470694973947009034,Celia,,TWELFTH WARD,42.68507834404223,-73.79764015056868,Entire home/apt,,7,3,2025-05-01,0.25,1,253,3,
1350872245042831459,Capital City Escape,10279606,1462836303318100245,Nori,,FIFTEENTH WARD,42.67003713546928,-73.82302715231661,Entire home/apt,,1,68,2026-01-18,5.59,3,338,68,
1358581858384454275,Two bedroom apartment in Albany,32379616,1465475491698528907,Fabiola,,THIRD WARD,42.66526304906058,-73.76716070107956,Entire home/apt,,28,0,,,5,321,0,
1363867065584533091,A piece of mind,650062372,1470635778704216166,The Essencesless Cozy Stay,,THIRTEENTH WARD,42.66891,-73.79096,Entire home/apt,,1,7,2025-12-14,0.73,1,363,7,
1365428503448527322,Downtown Albany Large 2BR | Free Parking,664328482,1470667160567219103,Olu,,SECOND WARD,42.6436654,-73.7536006,Entire home/apt,,1,42,2025-12-15,3.60,1,354,42,
1366933239765507591,Vacation Home in Albany,680411288,1470701345227945948,Stephanie,,EIGHTH WARD,42.64533014600323,-73.789131045637,Entire home/apt,,2,41,2026-02-08,3.67,1,218,41,
1369127908322228929,Capital Comfort Stay,584109093,1470597095475582937,Cecilia,,FOURTH WARD,42.66159372265361,-73.75439956511829,Entire home/apt,,1,51,2026-01-02,4.55,1,293,51,
1369145599555854547,Lovely located 2 bdrm - Steps - Dwntwn & Hospitals,521669673,1470347340308191612,Kody,,FIFTH WARD,42.66023621248564,-73.75777994908182,Entire home/apt,,14,0,,,4,365,0,
1369768924474303403,Near Hospitals: Home w/ Yard in Albany!,121680792,1468235421089255785,Evolve,,FIRST WARD,42.63962651941938,-73.7733080081594,Entire home/apt,,2,1,2025-10-18,0.25,5,364,1,
1371626040166892504,Central cozy 4 bedroom w/King bed,20536619,1462613529423158163,Emily,,TENTH WARD,42.66315402479468,-73.78910123743358,Entire home/apt,,28,1,2025-08-04,0.15,13,167,1,
1371829070623409671,"Walk to Albany Med, MVP Arena, Washington Park",265861488,1469406085973611788,Vander,,SIXTH WARD,42.65040602684423,-73.76433185078635,Entire home/apt,,1,63,2026-02-11,5.98,1,307,63,
1374747174653747946,"Near UAlbany & MVP Arena, Private Driveway Parking",193923901,1469009744438959087,Liza,,FOURTEENTH WARD,42.67057,-73.80939,Entire home/apt,,1,22,2026-01-26,3.13,1,347,22,
1375007693720508441,A peaceful home away from home,385963105,1469793713240877657,Samantha,,FOURTEENTH WARD,42.66598411229728,-73.81880097091198,Entire home/apt,,7,3,2025-11-01,0.34,1,88,3,
1376989617162173438,Cozy Sunshine,233515764,1469243869147543959,Etem,,SEVENTH WARD,42.64764408604364,-73.7715925383664,Entire home/apt,,1,11,2025-11-28,1.02,7,144,11,
1377446918025263146,"Woodlands room, private queen, walk to AMC",20536619,1462613529423158163,Emily,,TENTH WARD,42.66148231183373,-73.78761856260732,Private room,,28,3,2025-10-26,0.45,13,70,3,
1377471842094741150,"Crimson private queen room, walk to Albany Med",20536619,1462613529423158163,Emily,,TENTH WARD,42.66310642184764,-73.78716159656459,Private room,,28,2,2025-11-23,0.42,13,160,2,
1377480167938312156,"Peony room, private w/ King bed!",20536619,1462613529423158163,Emily,,TENTH WARD,42.66183099633526,-73.78755056940085,Private room,,28,2,2025-11-23,0.28,13,70,2,
1379906377578749938,Cozy Sunset,233515764,1469243869147543959,Etem,,SEVENTH WARD,42.64628669280813,-73.7715308891403,Entire home/apt,,1,34,2026-01-25,3.08,7,242,34,
1380555997747082021,Albany Central Hotel w/Breakfast Next to Downtown,466790114,1468113968197472369,⁨Premier Stay Co.⁩,,ELEVENTH WARD,42.6800233833328,-73.78522330726621,Private room,,1,16,2025-10-26,1.52,30,363,16,
1381163571420241600,Albany Elegant Home Next Downtown Free Breakfast,466790114,1468113968197472369,⁨Premier Stay Co.⁩,,ELEVENTH WARD,42.68231684583981,-73.7836715628194,Entire home/apt,,1,15,2025-10-31,1.40,30,356,15,
1383513241348424944,Cozy Home 5 STAR AREA W/Parking,654226760,1470644572508600300,Chris,,FOURTEENTH WARD,42.66191,-73.7974412,Entire home/apt,,1,42,2026-02-01,5.50,1,363,42,
1383910626115273822,"Cranberry room, large private queen near AMC",20536619,1462613529423158163,Emily,,TENTH WARD,42.66317303594558,-73.78912755444637,Private room,,28,1,2025-07-31,0.15,13,70,1,
1390171272060324410,New Large Bedroom! Has Parking!,55596850,1465910638818717668,Alain,,NINTH WARD,42.66002,-73.79333,Private room,,14,1,2025-05-15,0.11,3,290,1,
1393482542585537728,Albany Cozy Room Next to downtown W/breakfast,466790114,1468113968197472369,⁨Premier Stay Co.⁩,,FIFTH WARD,42.67652148547361,-73.78111383843994,Entire home/apt,,1,8,2026-02-07,0.78,30,364,8,
1393634713342137582,Modern Albany Home with breakfast Next to Downtown,466790114,1468113968197472369,⁨Premier Stay Co.⁩,,ELEVENTH WARD,42.67610273877896,-73.78233682651273,Entire home/apt,,1,14,2025-11-02,1.52,30,364,14,
1393634936904017469,"New Bedroom! Centrally located, Includes Laundry!",55596850,1465910638818717668,Alain,,NINTH WARD,42.659475284293904,-73.79368120012339,Private room,,10,5,2025-12-20,0.51,3,231,5,
1393638070589049592,Elegant Albany 2 Beds Room with free Breakfast,466790114,1468113968197472369,⁨Premier Stay Co.⁩,,FIFTH WARD,42.67651022767566,-73.78215501783329,Entire home/apt,,1,13,2025-11-25,1.35,30,365,13,
1395671676833912969,The Small Yellow Room with twin bed /tv,116935236,1462910582703398538,F S,,THIRTEENTH WARD,42.669917189344,-73.78632927186241,Private room,,2,2,2025-09-13,0.34,5,346,2,
1396921235971014566,New Bedroom Centrally Located! Parking & Laundry,55596850,1465910638818717668,Alain,,FOURTEENTH WARD,42.661116057130855,-73.79408139551636,Private room,,28,3,2025-08-30,0.37,3,165,3,
1402461183704514588,"4 bedroom house in Albany, 4 minutes from AMC",32379616,1465475491698528907,Fabiola,,TENTH WARD,42.6605291,-73.7831549,Entire home/apt,,28,2,2025-08-10,0.26,5,364,2,
1405327220192978468,Room near SUNY Albany and 4 minutes from AMC,32379616,1465475491698528907,Fabiola,,TENTH WARD,42.659903296506094,-73.78257397435888,Private room,,28,0,,,5,363,0,
1405768102601327206,Historic Studio and Great Eats,382970529,1463574448322349045,Thomas,,SIXTH WARD,42.655450233068514,-73.76273815121087,Entire home/apt,,2,12,2025-11-29,1.45,17,4,12,
1409646921435856252,Albany Getaway Near Brewery District,692671333,1470726612193802855,Paul,,FOURTH WARD,42.67225930444639,-73.7390519905538,Entire home/apt,,2,4,2025-12-20,0.71,1,86,4,
1417686058428307591,Charming Historic Apartment,270608641,1469429290124332461,Aleks,,SIXTH WARD,42.65166,-73.76622,Entire home/apt,,1,0,,,2,337,0,
1429997390383679972,Downtown ALB • Hot Tub • Game Room • Free Parking,71003491,1466878587921518723,Yasiel,,THIRD WARD,42.65665,-73.74868,Entire home/apt,,2,15,2026-02-08,2.14,1,181,15,
1430417055174000914,Café Capriccio Suite,418024477,1469899732923942393,Marlene,,SECOND WARD,42.64619243272902,-73.75658877629596,Entire home/apt,,1,11,2025-12-15,1.42,1,142,11,
1432823196473666155,"Charming, Spacious Apt Downtown Albany",531209536,1470386116918435368,Amar,,THIRD WARD,42.6579207870488,-73.75026566418697,Entire home/apt,,1,0,,,2,251,0,
1434108183586713709,Albany Cozy Suite Close to Downtown with Breakfast,466790114,1468113968197472369,⁨Premier Stay Co.⁩,,ELEVENTH WARD,42.682246872011966,-73.78338389658927,Entire home/apt,,1,16,2026-02-08,1.89,30,365,16,
1434112653259573474,Stylish Albany Room minutes to Downtown.,466790114,1468113968197472369,⁨Premier Stay Co.⁩,,ELEVENTH WARD,42.680525565301686,-73.7852461638938,Entire home/apt,,1,7,2025-11-21,0.96,30,365,7,
1435590570769303352,Apartment in beautiful Downtown Albany,167102397,1468618508441552844,Nathan,,SIXTH WARD,42.65422697397571,-73.76720390736077,Entire home/apt,,2,18,2026-02-13,2.28,1,232,18,
1435797229942642808,Global Entry Unit # 1 (2nd Floor Walk-up),130497392,1468307481012535510,Dale,,SIXTH WARD,42.65759,-73.7652,Entire home/apt,,7,0,,,2,365,0,
1439472202376740681,Timelessly Restored 2-Bed Fl 2 Apt @DowntownAlbany,44434571,1462696988014217001,Earl Vanze,,SECOND WARD,42.64439,-73.75296,Entire home/apt,,1,26,2026-01-17,3.25,11,360,26,
1441615290727481693,Room close to AMed and St peters,652223872,1470640333106308270,Umit,,TENTH WARD,42.66035,-73.78296,Private room,,3,2,2025-07-30,0.25,1,365,2,
1447202556849361134,/Red Den Apartment\3bed1bath,52123673,1465829687105391120,Joseph,,THIRTEENTH WARD,42.66951,-73.78736,Entire home/apt,,2,3,2025-11-28,0.43,2,363,3,
1448501719166920474,Comfy & Convenient 2-Bed Fl 1 Apt @DowntownAlbany,44434571,1462696988014217001,Earl Vanze,,SECOND WARD,42.64587,-73.75356,Entire home/apt,,1,9,2026-02-01,1.19,11,359,9,
1450136720901316807,A charming apartment.,675767467,1470691541967011596,Jeffrey,,SECOND WARD,42.64535,-73.75678,Entire home/apt,,1,48,2026-02-14,6.99,2,336,48,
1450156329560932974,Spacious convenient to Hospital and capital,675767467,1470691541967011596,Jeffrey,,SECOND WARD,42.645104811339436,-73.75712113379716,Entire home/apt,,1,39,2026-02-01,5.49,2,332,39,
1454413975547667690,Cozy Albany Home with Breakfast Next to Downtown,466790114,1468113968197472369,⁨Premier Stay Co.⁩,,FIFTH WARD,42.67725,-73.78034,Entire home/apt,,1,8,2026-01-16,1.19,30,362,8,
1454415655361201543,Albany Cozy Stay W/Breakfast Close to Downtown,466790114,1468113968197472369,⁨Premier Stay Co.⁩,,FIFTH WARD,42.67619,-73.78121,Entire home/apt,,1,2,2025-08-04,0.29,30,365,2,
1454417108090792705,Albany CozyRoom W/Breakfast Next to Downtown,466790114,1468113968197472369,⁨Premier Stay Co.⁩,,FIFTH WARD,42.67639,-73.78086,Entire home/apt,,1,9,2025-10-23,1.27,30,365,9,
1454418356838968327,Albany Cozy room W/Breakfast Close to Downtown,466790114,1468113968197472369,⁨Premier Stay Co.⁩,,FIFTH WARD,42.67612,-73.78092,Entire home/apt,,1,19,2025-11-21,2.51,30,362,19,
1455799924350084157,Charming 1 Bedroom House,37769478,1465565296852923022,Erion,,TENTH WARD,42.66355584811417,-73.7934588865277,Entire home/apt,,1,6,2025-10-28,0.83,15,351,6,
1459126168828019962,The Dove's Nest of Albany,363028988,1469729206266130870,Roland,,FOURTEENTH WARD,42.6677,-73.80023,Entire home/apt,,3,17,2026-02-07,2.36,1,331,17,
1459718314728545998,Historic Downtown Albany 2 Bdrm,272907816,1469440311505165885,Angela,,SECOND WARD,42.64604,-73.75419,Entire home/apt,,1,7,2025-11-13,1.00,3,100,7,
1462505515338851900,Cozy Luxury Brownstone Stay w/ Yard & Parking,181867269,1468755136294349565,Andres,,SECOND WARD,42.64403,-73.75853,Entire home/apt,,1,32,2026-02-08,4.71,2,346,32,
1464782804892875821,Cozy Historic 2BR • Private Deck • Garage Parking,181867269,1468755136294349565,Andres,,SECOND WARD,42.64491,-73.7594,Entire home/apt,,1,23,2026-02-14,3.43,2,356,23,
1465797274904716360,Downtown Living Space,418250661,1463653071014668004,Stephanie,,THIRD WARD,42.65704,-73.75167,Entire home/apt,,14,0,,,2,365,0,
1468113967156529966,Luxury Albany Room W/Breakfast Next to Downtown,466790114,1468113968197472369,⁨Premier Stay Co.⁩,,FIFTH WARD,42.67627,-73.78226,Entire home/apt,,1,1,2025-09-06,0.18,30,365,1,
1468116522806636814,Albany Room With Breakfast minutes to Downtown,466790114,1468113968197472369,⁨Premier Stay Co.⁩,,FIFTH WARD,42.67663,-73.78053,Entire home/apt,,1,7,2025-10-05,1.07,30,365,7,
1468119019136340688,Central Albany Room W/Breakfast Next to Downtown,466790114,1468113968197472369,⁨Premier Stay Co.⁩,,FIFTH WARD,42.67602,-73.78066,Entire home/apt,,1,2,2025-11-26,0.40,30,365,2,
1470493488040078187,The Madison- Work Friendly Apt with Parking,564967431,1470493488948741235,Stephanie,,SIXTH WARD,42.65116120175577,-73.76489493995905,Entire home/apt,,2,0,,,3,274,0,
1472122509160785254,Bright & Airy 1 BDRM Private Apt,47625981,1462707263288165799,Linda,,FOURTH WARD,42.65791,-73.74669,Entire home/apt,,1,8,2026-01-18,1.18,16,360,8,
1473485941065182946,Slate private queen room near AMC,20536619,1462613529423158163,Emily,,TENTH WARD,42.66295,-73.78792,Private room,,28,2,2025-09-16,0.30,13,158,2,
1473500943932986440,"Silver private queen room, central location",20536619,1462613529423158163,Emily,,TENTH WARD,42.66241617967561,-73.78837960927946,Private room,,5,1,2025-11-02,0.28,13,29,1,
1473509751949424528,"Ivory private queen, walk to AMC",20536619,1462613529423158163,Emily,,TENTH WARD,42.66325814454161,-73.78982669559142,Private room,,28,1,2025-12-31,0.64,13,88,1,
1476084665532782592,Sienna private queen near AMC,20536619,1462613529423158163,Emily,,TENTH WARD,42.66232293480178,-73.78771391087372,Private room,,28,1,2025-08-11,0.16,13,54,1,
1476780998285613744,Downtown Luxe- Steps to MVP Arena & NYS Capital,710552538,1476780999248566039,Jonathan,,THIRD WARD,42.6498098,-73.75325649999999,Entire home/apt,,2,10,2026-01-31,1.66,1,233,10,
1477111453930200793,Ontario's Luxe House,10279606,1462836303318100245,Nori,,NINTH WARD,42.65547,-73.78949,Entire home/apt,,1,37,2026-02-01,6.45,3,324,37,
1477115953609986339,Global Entry Unit # 2 (3rd Floor Walk-up),130497392,1468307481012535510,Dale,,SIXTH WARD,42.65787363814481,-73.76544767506958,Entire home/apt,,3,0,,,2,365,0,
1477468172276783780,"Spacious 4br home near hospitals, schools",20536619,1462613529423158163,Emily,,TENTH WARD,42.66344,-73.78752,Entire home/apt,,21,0,,,13,113,0,
1479696659954496070,Central Albany Retreat | Walk Everywhere + Parking,19648678,1463087024016718788,Ming,,SIXTH WARD,42.6523779,-73.7671603,Entire home/apt,,1,13,2026-02-03,2.34,7,357,13,
1481862654824444067,Albany Elegant room with Breakfast Next Downtown,466790114,1468113968197472369,⁨Premier Stay Co.⁩,,ELEVENTH WARD,42.67808,-73.78208,Entire home/apt,,1,3,2025-11-21,0.67,30,365,3,
1481865863422349835,Cozy Albany Room Next to Downtown With Breakfast,466790114,1468113968197472369,⁨Premier Stay Co.⁩,,FIFTH WARD,42.675801777825,-73.78036874911213,Entire home/apt,,1,2,2025-10-19,0.42,30,365,2,
1481869272871304149,Albany Cozy Home with Breakfast Next to Downtown,466790114,1468113968197472369,⁨Premier Stay Co.⁩,,FIFTH WARD,42.67736,-73.78108,Entire home/apt,,1,9,2025-11-04,1.48,30,361,9,
1482199242377376639,Albany Cozy Home W/Breakfast Minutes to Downtown,466790114,1468113968197472369,⁨Premier Stay Co.⁩,,ELEVENTH WARD,42.680940501431586,-73.7846106000441,Entire home/apt,,1,7,2025-12-30,1.15,30,352,7,
1485723149961736573,Lovely Albany room with Breakfast Next to Downtown,466790114,1468113968197472369,⁨Premier Stay Co.⁩,,ELEVENTH WARD,42.68205,-73.7846,Entire home/apt,,1,0,,,30,365,0,
1485726503410193437,Albany Cozy room W/Breakfast minutes to Downtown,466790114,1468113968197472369,⁨Premier Stay Co.⁩,,ELEVENTH WARD,42.68211,-73.78306,Entire home/apt,,1,3,2025-11-26,0.52,30,365,3,
1486971933919777260,Budget Friendly 2 BDRM with Modern Amenities WILL1,65282034,1466807311599549052,Michael,,SIXTH WARD,42.65406,-73.76964,Entire home/apt,,2,16,2026-02-05,2.65,2,360,16,
1498161268794053659,Apartment in Albany,111760206,1498161269504657459,Rachel,,SIXTH WARD,42.65334,-73.76605,Entire home/apt,,1,32,2026-02-05,6.40,1,99,32,
1498389804589049324,Downtown 3BR duplex full kitchen parking off i-787,478816393,1498389805557540852,Lee,,THIRD WARD,42.6567,-73.75412,Entire home/apt,,1,15,2026-02-11,7.38,1,35,15,
1498884258657376096,Cozy Room - Best City Location,534733076,1470399789180792870,Danyal,,SIXTH WARD,42.653261512538336,-73.76980902840452,Private room,,1,6,2026-02-07,1.08,1,350,6,
1498913624552583326,"Elegant 1BR in Historic Center Square, Albany",188679144,1468977843653292721,Elizabeth,,SIXTH WARD,42.65479,-73.76274,Entire home/apt,,7,0,,,11,352,0,
1503537470526077849,The Old Blue Space,426223840,1469932236725561170,Antonio,,ELEVENTH WARD,42.66452327071085,-73.77739963718653,Entire home/apt,,1,10,2026-01-24,1.94,2,232,10,
1510280924413149938,Cozy Teal Retreat | 1 Mile Albany Medical & VA Med,79099670,1510280925088337910,Nathan,,SEVENTH WARD,42.64166,-73.78424,Private room,,1,2,2025-09-20,0.40,1,319,2,
1511129185939661958,The Old Yellow Space,562084689,1470509150092723187,Antonio,,THIRTEENTH WARD,42.66490908542253,-73.77879829543551,Entire home/apt,,1,4,2025-12-24,0.92,1,323,4,
1511453437878117120,Large Studio Downtown with Pool Table,390089294,1468722721823294155,Traverse,,SIXTH WARD,42.65294,-73.76511,Entire home/apt,,1,0,,,6,365,0,
1511463115578002586,Large 1 bedroom downtown!,390089294,1468722721823294155,Traverse,,FOURTH WARD,42.67410612815129,-73.75067767016992,Entire home/apt,,2,0,,,6,365,0,
1511475748634247539,Spacious Downtown 1BR Cozy Apartment!,390089294,1468722721823294155,Traverse,,SIXTH WARD,42.65562,-73.76445,Entire home/apt,,2,0,,,6,365,0,
1511560319275262460,Spacious Studio | Downtown,390089294,1468722721823294155,Traverse,,SIXTH WARD,42.65426,-73.76308,Entire home/apt,,2,0,,,6,365,0,
1511573692636646423,Very Comfortable Studio Downtown,390089294,1468722721823294155,Traverse,,SIXTH WARD,42.65228,-73.76491,Entire home/apt,,2,0,,,6,360,0,
1511582525879389671,Downtown Cozy Studio - Comfy & Clean!,390089294,1468722721823294155,Traverse,,SIXTH WARD,42.65303,-73.76101,Entire home/apt,,2,0,,,6,361,0,
1513028059149782480,Bright and Roomy 3BR Home,37769478,1465565296852923022,Erion,,SIXTH WARD,42.6525801,-73.7723427,Entire home/apt,,1,14,2025-12-17,2.82,15,329,14,
1518943235257584991,Stylish 3BR Stay Near Albany Medical Center,188679144,1468977843653292721,Elizabeth,,NINTH WARD,42.65527,-73.78585,Entire home/apt,,1,1,2025-12-19,0.51,11,359,1,
1519726896462850649,Spacious 4BR Home Near Hospitals • FREE Parking,488778056,1519726897123584458,Kotun,,TENTH WARD,42.65841,-73.78321,Entire home/apt,,1,6,2026-02-04,5.29,1,291,6,
1521064839093130562,Albany Modern Room Next to Downtown with Breakfast,466790114,1468113968197472369,⁨Premier Stay Co.⁩,,ELEVENTH WARD,42.6817,-73.78439,Entire home/apt,,1,3,2025-12-23,0.71,30,365,3,
1522036487464000982,Suite One - 1 Bedroom Apartment,37769478,1465565296852923022,Erion,,SIXTH WARD,42.65393,-73.7693,Entire home/apt,,1,3,2025-12-24,0.92,15,365,3,
1523640223905336810,Historic Brick City Center Glow,706406610,1523640224573903108,JNM Living Spaces,,SIXTH WARD,42.65323354077172,-73.76717951148748,Entire home/apt,,1,2,2025-11-21,0.53,2,351,2,
1528281264652621033,ParkSide Retreat - 2 BDR with Off Street Parking,37769478,1465565296852923022,Erion,,SIXTH WARD,42.6542,-73.77128,Entire home/apt,,1,12,2026-02-01,2.81,15,359,12,
1528330624684718752,Charming 2 BR home in Albany,15064470,1462953343897056064,Rebecca,,EIGHTH WARD,42.642732215973844,-73.79208773618511,Entire home/apt,,1,26,2026-02-08,6.50,1,271,26,
1533289095503516108,Midtown Retreat!,340511465,1533289096231172864,AnnMarie,,NINTH WARD,42.64724,-73.79126,Private room,,1,6,2026-01-29,1.50,1,328,6,
1536247531274306165,Welcome to Albany! Close to Hospitals and Shops.,478607033,1526215612849525610,Meredith,,NINTH WARD,42.65602,-73.79093,Private room,,1,0,,,1,343,0,
1536278546396096866,Cozy Albany room with Breakfast Next to Downtown,466790114,1468113968197472369,⁨Premier Stay Co.⁩,,ELEVENTH WARD,42.68018,-73.78375,Entire home/apt,,1,3,2025-12-28,0.93,30,363,3,
1536284748778227579,Elegant Albany Stay with Breakfast Close Downtown,466790114,1468113968197472369,⁨Premier Stay Co.⁩,,ELEVENTH WARD,42.68006,-73.78465,Entire home/apt,,1,2,2025-11-30,0.68,30,365,2,
1537317274129063828,"2 bedrooms, 1 bathroom [HUGE] Furnished apartment",455342215,1463743979502545596,Allah,,FIRST WARD,42.63622,-73.76152,Entire home/apt,,1,0,,,1,356,0,
1539257231318688412,Patio Suite Near Capitol | 2BR Ensuite | Spa Soon,476189412,1470146476912630337,Timothy,,SECOND WARD,42.64727770491022,-73.75909371278735,Entire home/apt,,1,2,2026-02-07,1.28,3,67,2,
1539837082076857746,Budget Friendly 5 BEDS with Modern Amenities WILL2,65282034,1466807311599549052,Michael,,SIXTH WARD,42.65241,-73.76914,Entire home/apt,,2,4,2025-12-31,1.11,2,347,4,
1551748338533337194,Urban Micro Loft | Central Albany + Parking,19648678,1463087024016718788,Ming,,SIXTH WARD,42.653638559003035,-73.76603515627508,Entire home/apt,,1,4,2026-02-05,3.75,7,325,4,
1554405857186813446,Charming Cottage,147780154,1468448553386507958,Julia,,EIGHTH WARD,42.6566942427135,-73.81901754349369,Entire home/apt,,3,0,,,1,358,0,
1557309322062215916,Cozy Albany Home with Breakfast Next to Downtown,466790114,1468113968197472369,⁨Premier Stay Co.⁩,,ELEVENTH WARD,42.67997,-73.78387,Entire home/apt,,1,3,2025-12-11,1.03,30,365,3,
1557418437023831902,Great Two bedroom in Albany NY-Centrally Located,302714563,1557418437739450217,Sherra,,SIXTH WARD,42.6508268,-73.76684019999999,Entire home/apt,,1,3,2025-12-25,1.10,1,171,3,
1558212573214197450,Lovely & Spacious 3BR by Albany Med,188679144,1468977843653292721,Elizabeth,,NINTH WARD,42.65644,-73.78689,Entire home/apt,,7,0,,,11,362,0,
1566232743630647475,Historic City Center Brick Getaway,706406610,1523640224573903108,JNM Living Spaces,,SIXTH WARD,42.653880296695746,-73.7679764985571,Entire home/apt,,2,2,2026-02-13,2,2,362,2,
1566707423187643353,Cozy Albany home with Breakfast Next to Downtown,466790114,1468113968197472369,⁨Premier Stay Co.⁩,,ELEVENTH WARD,42.68137,-73.78513,Entire home/apt,,1,1,2026-01-22,1,30,365,1,
1567582934369300353,Larson Honey,233515764,1469243869147543959,Etem,,SIXTH WARD,42.651955805017266,-73.76696731690608,Entire home/apt,,1,0,,,7,223,0,
1568368313802744532,Albany Med Travelers!,413566290,1469883571234603399,Victoria,,NINTH WARD,42.65524020991202,-73.79811074584723,Private room,,2,1,2025-12-15,0.48,3,8,1,
1569797647320776814,"Landing | Beautiful 2BD, Gym",263502162,1463333307662174289,Landing,,NINTH WARD,42.65309,-73.77427,Entire home/apt,,30,2,2026-01-19,2,2,156,2,
1569797656869013772,"Landing | Stunning 1BD, Gym",263502162,1463333307662174289,Landing,,SIXTH WARD,42.654448842562516,-73.77460435258136,Entire home/apt,,30,1,2026-01-25,1,2,364,1,
1572171021612252123,A College House,426223840,1469932236725561170,Antonio,,TENTH WARD,42.66156933118016,-73.7780683960021,Entire home/apt,,1,1,2026-01-01,0.65,2,240,1,
1574726862531115374,Walk to Albany Med in 5 minutes!,413566290,1469883571234603399,Victoria,,NINTH WARD,42.65319,-73.78387,Private room,,7,1,2026-01-29,1,3,85,1,
1576913365361669361,Central Albany room with Breakfast Next Downtown,466790114,1468113968197472369,⁨Premier Stay Co.⁩,,ELEVENTH WARD,42.68146,-73.78313,Entire home/apt,,1,0,,,30,360,0,
1576918550123676963,Albany Central Room with Breakfast Next Downtown,466790114,1468113968197472369,⁨Premier Stay Co.⁩,,ELEVENTH WARD,42.68006,-73.78386,Entire home/apt,,1,2,2026-01-28,2,30,344,2,
1579101894592916093,Charming Albany Retreat ~ 3 Mi to Downtown!,121680792,1468235421089255785,Evolve,,THIRTEENTH WARD,42.66958,-73.79722,Entire home/apt,,4,1,2025-12-30,0.63,5,351,1,
1585685853276584426,The Grand on Clinton across from The Palace!,61433748,1466756036378985673,Kristy,,THIRD WARD,42.6550306,-73.7517294,Entire home/apt,,1,0,,,1,89,0,
1596638255963225382,Comfort and Spacious,323992015,1469615504079463643,Tanya,,EIGHTH WARD,42.64514,-73.78866,Entire home/apt,,2,0,,,1,346,0,
1597469740249614567,Albany-center-elite-apartment,739585626,1596638511267810744,Olena,,SECOND WARD,42.64533778412286,-73.76016440370483,Entire home/apt,,1,0,,,1,287,0,
1598781483129471644,"Chic 2BR Retreat in Albany Cozy, Stylish & Central",47625981,1462707263288165799,Linda,,SEVENTH WARD,42.649013030685936,-73.76681391621523,Entire home/apt,,1,0,,,16,361,0,
1599929109212956798,Modern Elegance Meets Ultimate Convenience,160575620,1599929109827773370,Pawel,,SIXTH WARD,42.65110780000001,-73.7658994,Entire home/apt,,2,0,,,1,85,0,
1601567688822954799,Two-bedroom House Albany,73777155,1601567689964826000,Rich,,EIGHTH WARD,42.65162,-73.81077,Entire home/apt,,2,0,,,1,56,0,
1604760798212891657,Empire State Executive Suite| Prime Plaza Location,42708277,1465634482472875867,Rodney,,SIXTH WARD,42.65462,-73.76027,Entire home/apt,,1,1,2026-01-26,1,7,359,1,
1605352658027975031,Modern Apartment.,113271184,1468171155957888648,Ashley,,FOURTH WARD,42.66779,-73.74198,Entire home/apt,,1,4,2026-02-05,4,1,334,4,
1606217702961434071,& Peaceful Modern Home Near Central Albany,114629237,1462905603864055800,Bronson,,FIFTH WARD,42.66915740651244,-73.76762620544702,Entire home/apt,,2,0,,,1,362,0,
1607330191548894098,Relaxing 1BD Home in Albany with Breakfast,466790114,1468113968197472369,⁨Premier Stay Co.⁩,,ELEVENTH WARD,42.68169,-73.78467,Entire home/apt,,1,0,,,30,364,0,
1607334788715779524,Comfy 1BD Albany Hotel W/Breakfast Next Downtown,466790114,1468113968197472369,⁨Premier Stay Co.⁩,,ELEVENTH WARD,42.68166,-73.78337,Entire home/apt,,1,0,,,30,365,0,
1607340037754690734,Cozy 1BD Room in Albany with Breakfast,466790114,1468113968197472369,⁨Premier Stay Co.⁩,,ELEVENTH WARD,42.68231,-73.78321,Entire home/apt,,1,0,,,30,360,0,
1611095556132252611,Historic Albany Nest | Center of it All + Parking,19648678,1463087024016718788,Ming,,SIXTH WARD,42.65214369849858,-73.76736431886972,Entire home/apt,,1,0,,,7,347,0,
